"DBpediaClass","itemLabel","WikidataClass"
"http://dbpedia.org/ontology/AcademicConference","academic conference","http://www.wikidata.org/entity/Q2020153"
"http://dbpedia.org/ontology/AcademicSubject","academic subject","http://www.wikidata.org/entity/Q11862829"
"http://dbpedia.org/ontology/Activity","activity","http://www.wikidata.org/entity/Q1914636"
"http://dbpedia.org/ontology/Actor","actor","http://www.wikidata.org/entity/Q33999"
"http://dbpedia.org/ontology/AdministrativeRegion","administrative region","http://www.wikidata.org/entity/Q3455524"
"http://dbpedia.org/ontology/AdultActor","adult (pornographic) actor","http://www.wikidata.org/entity/Q488111"
"http://dbpedia.org/ontology/Agent","agent","http://www.wikidata.org/entity/Q24229398"
"http://dbpedia.org/ontology/Aircraft","aircraft","http://www.wikidata.org/entity/Q11436"
"http://dbpedia.org/ontology/Airline","airline","http://www.wikidata.org/entity/Q46970"
"http://dbpedia.org/ontology/Airport","airport","http://www.wikidata.org/entity/Q1248784"
"http://dbpedia.org/ontology/Album","album","http://www.wikidata.org/entity/Q482994"
"http://dbpedia.org/ontology/Algorithm","Algorithm","http://www.wikidata.org/entity/Q8366"
"http://dbpedia.org/ontology/Altitude","altitude","http://www.wikidata.org/entity/Q190200"
"http://dbpedia.org/ontology/Ambassador","ambassador","http://www.wikidata.org/entity/Q121998"
"http://dbpedia.org/ontology/AmericanFootballPlayer","american football player","http://www.wikidata.org/entity/Q14128148"
"http://dbpedia.org/ontology/AnatomicalStructure","anatomical structure","http://www.wikidata.org/entity/Q4936952"
"http://dbpedia.org/ontology/Animal","animal","http://www.wikidata.org/entity/Q729"
"http://dbpedia.org/ontology/Anime","Anime","http://www.wikidata.org/entity/Q1107"
"http://dbpedia.org/ontology/Archeologist","archeologist","http://www.wikidata.org/entity/Q3621491"
"http://dbpedia.org/ontology/Archipelago","archipelago","http://www.wikidata.org/entity/Q33837"
"http://dbpedia.org/ontology/Architect","architect","http://www.wikidata.org/entity/Q42973"
"http://dbpedia.org/ontology/Archive","Archive","http://www.wikidata.org/entity/Q166118"
"http://dbpedia.org/ontology/Artery","artery","http://www.wikidata.org/entity/Q9655"
"http://dbpedia.org/ontology/Artist","artist","http://www.wikidata.org/entity/Q483501"
"http://dbpedia.org/ontology/Asteroid","asteroid","http://www.wikidata.org/entity/Q3863"
"http://dbpedia.org/ontology/Astronaut","astronaut","http://www.wikidata.org/entity/Q11631"
"http://dbpedia.org/ontology/AustralianRulesFootballPlayer","Australian rules football player","http://www.wikidata.org/entity/Q13414980"
"http://dbpedia.org/ontology/Award","award","http://www.wikidata.org/entity/Q618779"
"http://dbpedia.org/ontology/Band","Band","http://www.wikidata.org/entity/Q215380"
"http://dbpedia.org/ontology/BaseballLeague","baseball league","http://www.wikidata.org/entity/Q6631808"
"http://dbpedia.org/ontology/BaseballPlayer","baseball player","http://www.wikidata.org/entity/Q10871364"
"http://dbpedia.org/ontology/BasketballPlayer","basketball player","http://www.wikidata.org/entity/Q3665646"
"http://dbpedia.org/ontology/Battery","battery","http://www.wikidata.org/entity/Q267298"
"http://dbpedia.org/ontology/Beer","beer","http://www.wikidata.org/entity/Q44"
"http://dbpedia.org/ontology/Biomolecule","Biomolecule","http://www.wikidata.org/entity/Q206229"
"http://dbpedia.org/ontology/BoardGame","board game","http://www.wikidata.org/entity/Q131436"
"http://dbpedia.org/ontology/Bodybuilder","bodybuilder","http://www.wikidata.org/entity/Q15982795"
"http://dbpedia.org/ontology/Bone","bone","http://www.wikidata.org/entity/Q265868"
"http://dbpedia.org/ontology/Book","book","http://www.wikidata.org/entity/Q571"
"http://dbpedia.org/ontology/Bridge","bridge","http://www.wikidata.org/entity/Q12280"
"http://dbpedia.org/ontology/BroadcastNetwork","broadcast network","http://www.wikidata.org/entity/Q141683"
"http://dbpedia.org/ontology/Broadcaster","broadcaster","http://www.wikidata.org/entity/Q15265344"
"http://dbpedia.org/ontology/BrownDwarf","brown dwarf","http://www.wikidata.org/entity/Q101600"
"http://dbpedia.org/ontology/Building","building","http://www.wikidata.org/entity/Q41176"
"http://dbpedia.org/ontology/CardGame","card game","http://www.wikidata.org/entity/Q142714"
"http://dbpedia.org/ontology/Cartoon","cartoon","http://www.wikidata.org/entity/Q627603"
"http://dbpedia.org/ontology/Casino","casino","http://www.wikidata.org/entity/Q133215"
"http://dbpedia.org/ontology/Castle","castle","http://www.wikidata.org/entity/Q23413"
"http://dbpedia.org/ontology/Cat","cat","http://www.wikidata.org/entity/Q146"
"http://dbpedia.org/ontology/Cave","cave","http://www.wikidata.org/entity/Q35509"
"http://dbpedia.org/ontology/Cemetery","cemetery","http://www.wikidata.org/entity/Q39614"
"http://dbpedia.org/ontology/Chancellor","chancellor","http://www.wikidata.org/entity/Q373085"
"http://dbpedia.org/ontology/ChemicalCompound","chemical compound","http://www.wikidata.org/entity/Q11173"
"http://dbpedia.org/ontology/Church","church","http://www.wikidata.org/entity/Q16970"
"http://dbpedia.org/ontology/Cinema","cinema (movie theater)","http://www.wikidata.org/entity/Q41253"
"http://dbpedia.org/ontology/City","city","http://www.wikidata.org/entity/Q515"
"http://dbpedia.org/ontology/Comic","comic","http://www.wikidata.org/entity/Q245068"
"http://dbpedia.org/ontology/Company","company","http://www.wikidata.org/entity/Q4830453"
"http://dbpedia.org/ontology/Constellation","constellation","http://www.wikidata.org/entity/Q8928"
"http://dbpedia.org/ontology/Contest","contest","http://www.wikidata.org/entity/Q476300"
"http://dbpedia.org/ontology/Country","country","http://www.wikidata.org/entity/Q6256"
"http://dbpedia.org/ontology/Covid19","COVID-19 pandemic","http://www.wikidata.org/entity/Q84263196"
"http://dbpedia.org/ontology/Criminal","criminal","http://www.wikidata.org/entity/Q2159907"
"http://dbpedia.org/ontology/CultivatedVariety","cultivar (cultivated variety)","http://www.wikidata.org/entity/Q4886"
"http://dbpedia.org/ontology/CyclingRace","cycling race","http://www.wikidata.org/entity/Q15091377"
"http://dbpedia.org/ontology/Dam","dam","http://www.wikidata.org/entity/Q12323"
"http://dbpedia.org/ontology/Deity","deity","http://www.wikidata.org/entity/Q178885"
"http://dbpedia.org/ontology/Disease","disease","http://www.wikidata.org/entity/Q12136"
"http://dbpedia.org/ontology/Dog","dog","http://www.wikidata.org/entity/Q25324"
"http://dbpedia.org/ontology/Drama","drama","http://www.wikidata.org/entity/Q25372"
"http://dbpedia.org/ontology/Drug","drug","http://www.wikidata.org/entity/Q8386"
"http://dbpedia.org/ontology/Economist","economist","http://www.wikidata.org/entity/Q188094"
"http://dbpedia.org/ontology/EducationalInstitution","educational institution","http://www.wikidata.org/entity/Q2385804"
"http://dbpedia.org/ontology/Egyptologist","egyptologist","http://www.wikidata.org/entity/Q1350189"
"http://dbpedia.org/ontology/Election","Election","http://www.wikidata.org/entity/Q40231"
"http://dbpedia.org/ontology/Employer","Employer","http://www.wikidata.org/entity/Q3053337"
"http://dbpedia.org/ontology/Engineer","engineer","http://www.wikidata.org/entity/Q81096"
"http://dbpedia.org/ontology/Entomologist","entomologist","http://www.wikidata.org/entity/Q3055126"
"http://dbpedia.org/ontology/Enzyme","enzyme","http://www.wikidata.org/entity/Q8047"
"http://dbpedia.org/ontology/EthnicGroup","ethnic group","http://www.wikidata.org/entity/Q41710"
"http://dbpedia.org/ontology/Eukaryote","eukaryote","http://www.wikidata.org/entity/Q19088"
"http://dbpedia.org/ontology/Event","event","http://www.wikidata.org/entity/Q1656682"
"http://dbpedia.org/ontology/Factory","factory","http://www.wikidata.org/entity/Q83405"
"http://dbpedia.org/ontology/Family","family","http://www.wikidata.org/entity/Q8436"
"http://dbpedia.org/ontology/Farmer","farmer","http://www.wikidata.org/entity/Q131512"
"http://dbpedia.org/ontology/FashionDesigner","fashion designer","http://www.wikidata.org/entity/Q3501317"
"http://dbpedia.org/ontology/Fencer","fencer","http://www.wikidata.org/entity/Q737498Q13381863"
"http://dbpedia.org/ontology/FictionalCharacter","fictional character","http://www.wikidata.org/entity/Q95074"
"http://dbpedia.org/ontology/FigureSkater","figure skater","http://www.wikidata.org/entity/Q13219587"
"http://dbpedia.org/ontology/Film","movie","http://www.wikidata.org/entity/Q11424"
"http://dbpedia.org/ontology/FilmFestival","film festival","http://www.wikidata.org/entity/Q220505"
"http://dbpedia.org/ontology/Fish","fish","http://www.wikidata.org/entity/Q152"
"http://dbpedia.org/ontology/Flag","flag","http://www.wikidata.org/entity/Q14660"
"http://dbpedia.org/ontology/Food","Food","http://www.wikidata.org/entity/Q2095"
"http://dbpedia.org/ontology/FormerMunicipality","one-time municipality","http://www.wikidata.org/entity/Q19730508"
"http://dbpedia.org/ontology/Galaxy","galaxy","http://www.wikidata.org/entity/Q318"
"http://dbpedia.org/ontology/Game","game","http://www.wikidata.org/entity/Q11410"
"http://dbpedia.org/ontology/Garden","garden","http://www.wikidata.org/entity/Q1107656"
"http://dbpedia.org/ontology/Gene","gene","http://www.wikidata.org/entity/Q7187"
"http://dbpedia.org/ontology/GeologicalPeriod","geological period","http://www.wikidata.org/entity/Q392928"
"http://dbpedia.org/ontology/GivenName","given name","http://www.wikidata.org/entity/Q202444"
"http://dbpedia.org/ontology/Glacier","glacier","http://www.wikidata.org/entity/Q35666"
"http://dbpedia.org/ontology/GolfCourse","golf course","http://www.wikidata.org/entity/Q1048525"
"http://dbpedia.org/ontology/GolfPlayer","golf player","http://www.wikidata.org/entity/Q13156709"
"http://dbpedia.org/ontology/GolfTournament","golf tournament","http://www.wikidata.org/entity/Q15061650"
"http://dbpedia.org/ontology/GovernmentAgency","government agency","http://www.wikidata.org/entity/Q327333"
"http://dbpedia.org/ontology/Governor","governor","http://www.wikidata.org/entity/Q132050"
"http://dbpedia.org/ontology/Grape","grape","http://www.wikidata.org/entity/Q10978"
"http://dbpedia.org/ontology/GridironFootballPlayer","gridiron football player","http://www.wikidata.org/entity/Q14128148"
"http://dbpedia.org/ontology/Guitar","guitar","http://www.wikidata.org/entity/Q6607"
"http://dbpedia.org/ontology/Guitarist","guitarist","http://www.wikidata.org/entity/Q855091"
"http://dbpedia.org/ontology/HandballPlayer","handball player","http://www.wikidata.org/entity/Q13365117"
"http://dbpedia.org/ontology/HandballTeam","handball team","http://www.wikidata.org/entity/Q10517054"
"http://dbpedia.org/ontology/HistoricalPeriod","historical period","http://www.wikidata.org/entity/Q11514315"
"http://dbpedia.org/ontology/HistoricalRegion","Historical region","http://www.wikidata.org/entity/Q1620908"
"http://dbpedia.org/ontology/HockeyTeam","hockey team","http://www.wikidata.org/entity/Q4498974"
"http://dbpedia.org/ontology/Holiday","holiday","http://www.wikidata.org/entity/Q1445650"
"http://dbpedia.org/ontology/Hormone","Hormone","http://www.wikidata.org/entity/Q8047"
"http://dbpedia.org/ontology/HotSpring","hot spring","http://www.wikidata.org/entity/Q177380"
"http://dbpedia.org/ontology/Hotel","hotel","http://www.wikidata.org/entity/Q27686"
"http://dbpedia.org/ontology/IceHockeyPlayer","ice hockey player","http://www.wikidata.org/entity/Q11774891"
"http://dbpedia.org/ontology/Identifier","identifier","http://www.wikidata.org/entity/Q6545185"
"http://dbpedia.org/ontology/Ideology","ideology","http://www.wikidata.org/entity/Q7257"
"http://dbpedia.org/ontology/InformationAppliance","information appliance","http://www.wikidata.org/entity/Q1067263"
"http://dbpedia.org/ontology/Insect","insect","http://www.wikidata.org/entity/Q1390"
"http://dbpedia.org/ontology/Instrument","Instrument","http://www.wikidata.org/entity/Q225829"
"http://dbpedia.org/ontology/Intercommunality","Intercommunality","http://www.wikidata.org/entity/Q3153117"
"http://dbpedia.org/ontology/Island","island","http://www.wikidata.org/entity/Q23442"
"http://dbpedia.org/ontology/Journalist","journalist","http://www.wikidata.org/entity/Q1930187"
"http://dbpedia.org/ontology/Judge","judge","http://www.wikidata.org/entity/Q16533"
"http://dbpedia.org/ontology/Lake","lake","http://www.wikidata.org/entity/Q23397"
"http://dbpedia.org/ontology/Language","language","http://www.wikidata.org/entity/Q315"
"http://dbpedia.org/ontology/LaunchPad","launch pad","http://www.wikidata.org/entity/Q1353183"
"http://dbpedia.org/ontology/LawFirm","law firm","http://www.wikidata.org/entity/Q613142"
"http://dbpedia.org/ontology/Lawyer","Lawyer","http://www.wikidata.org/entity/Q40348"
"http://dbpedia.org/ontology/LegalCase","Legal Case","http://www.wikidata.org/entity/Q2334719"
"http://dbpedia.org/ontology/Legislature","legislature","http://www.wikidata.org/entity/Q11204"
"http://dbpedia.org/ontology/Letter","letter","http://www.wikidata.org/entity/Q133492"
"http://dbpedia.org/ontology/Letter","letter","http://www.wikidata.org/entity/Q9788"
"http://dbpedia.org/ontology/Library","library","http://www.wikidata.org/entity/Q7075"
"http://dbpedia.org/ontology/Ligament","ligament","http://www.wikidata.org/entity/Q39888"
"http://dbpedia.org/ontology/LightNovel","light novel","http://www.wikidata.org/entity/Q747381"
"http://dbpedia.org/ontology/Lighthouse","lighthouse","http://www.wikidata.org/entity/Q39715"
"http://dbpedia.org/ontology/Linguist","linguist","http://www.wikidata.org/entity/Q14467526"
"http://dbpedia.org/ontology/Locality","locality","http://www.wikidata.org/entity/Q3257686"
"http://dbpedia.org/ontology/Locomotive","locomotive","http://www.wikidata.org/entity/Q93301"
"http://dbpedia.org/ontology/LunarCrater","lunar crater","http://www.wikidata.org/entity/Q1348589"
"http://dbpedia.org/ontology/Magazine","magazine","http://www.wikidata.org/entity/Q41298"
"http://dbpedia.org/ontology/Mammal","mammal","http://www.wikidata.org/entity/Q7377"
"http://dbpedia.org/ontology/Man","man","http://www.wikidata.org/entity/Q8441"
"http://dbpedia.org/ontology/Manga","manga","http://www.wikidata.org/entity/Q8274"
"http://dbpedia.org/ontology/Manhua","manhua","http://www.wikidata.org/entity/Q754669"
"http://dbpedia.org/ontology/Manhwa","manhwa","http://www.wikidata.org/entity/Q562214"
"http://dbpedia.org/ontology/Mayor","mayor","http://www.wikidata.org/entity/Q30185"
"http://dbpedia.org/ontology/Media","media","http://www.wikidata.org/entity/Q340169"
"http://dbpedia.org/ontology/MedicalSpecialty","medical specialty","http://www.wikidata.org/entity/Q930752"
"http://dbpedia.org/ontology/Medicine","Medicine","http://www.wikidata.org/entity/Q11190"
"http://dbpedia.org/ontology/Meeting","meeting","http://www.wikidata.org/entity/Q2761147"
"http://dbpedia.org/ontology/MemberOfParliament","member of parliament","http://www.wikidata.org/entity/Q486839"
"http://dbpedia.org/ontology/MetroStation","subway station","http://www.wikidata.org/entity/Q928830"
"http://dbpedia.org/ontology/MilitaryUnit","military unit","http://www.wikidata.org/entity/Q176799"
"http://dbpedia.org/ontology/Mill","Mill","http://www.wikidata.org/entity/Q44494"
"http://dbpedia.org/ontology/Mineral","mineral","http://www.wikidata.org/entity/Q7946"
"http://dbpedia.org/ontology/MobilePhone","mobile phone","http://www.wikidata.org/entity/Q17517"
"http://dbpedia.org/ontology/Model","model","http://www.wikidata.org/entity/Q4610556"
"http://dbpedia.org/ontology/Mollusca","mollusca","http://www.wikidata.org/entity/Q25326"
"http://dbpedia.org/ontology/Monarch","monarch","http://www.wikidata.org/entity/Q116"
"http://dbpedia.org/ontology/Monastery","monastery","http://www.wikidata.org/entity/Q44613"
"http://dbpedia.org/ontology/Monument","monument","http://www.wikidata.org/entity/Q4989906"
"http://dbpedia.org/ontology/Mosque","mosque","http://www.wikidata.org/entity/Q32815"
"http://dbpedia.org/ontology/Motorcycle","motorcycle","http://www.wikidata.org/entity/Q34493"
"http://dbpedia.org/ontology/Mountain","mountain","http://www.wikidata.org/entity/Q8502"
"http://dbpedia.org/ontology/MountainPass","mountain pass","http://www.wikidata.org/entity/Q133056"
"http://dbpedia.org/ontology/MountainRange","mountain range","http://www.wikidata.org/entity/Q46831"
"http://dbpedia.org/ontology/MovieDirector","Movie director","http://www.wikidata.org/entity/Q2526255"
"http://dbpedia.org/ontology/Murderer","murderer","http://www.wikidata.org/entity/Q16266334"
"http://dbpedia.org/ontology/Muscle","muscle","http://www.wikidata.org/entity/Q7365"
"http://dbpedia.org/ontology/Museum","museum","http://www.wikidata.org/entity/Q33506"
"http://dbpedia.org/ontology/MusicDirector","music director","http://www.wikidata.org/entity/Q1198887"
"http://dbpedia.org/ontology/MusicFestival","music festival","http://www.wikidata.org/entity/Q868557"
"http://dbpedia.org/ontology/MusicGenre","music genre","http://www.wikidata.org/entity/Q188451"
"http://dbpedia.org/ontology/Musical","musical","http://www.wikidata.org/entity/Q2743"
"http://dbpedia.org/ontology/MusicalWork","musical work","http://www.wikidata.org/entity/Q2188189"
"http://dbpedia.org/ontology/MythologicalFigure","mythological figure","http://www.wikidata.org/entity/Q15410431"
"http://dbpedia.org/ontology/Name","name","http://www.wikidata.org/entity/Q82799"
"http://dbpedia.org/ontology/NationalAnthem","National anthem","http://www.wikidata.org/entity/Q23691"
"http://dbpedia.org/ontology/NaturalRegion","natural region","http://www.wikidata.org/entity/Q1970725"
"http://dbpedia.org/ontology/Nerve","nerve","http://www.wikidata.org/entity/Q9620"
"http://dbpedia.org/ontology/Newspaper","newspaper","http://www.wikidata.org/entity/Q11032"
"http://dbpedia.org/ontology/NobelPrize","Nobel Prize","http://www.wikidata.org/entity/Q7191"
"http://dbpedia.org/ontology/NobleFamily","Noble family","http://www.wikidata.org/entity/Q13417114"
"http://dbpedia.org/ontology/Non-ProfitOrganisation","non-profit organisation","http://www.wikidata.org/entity/Q163740"
"http://dbpedia.org/ontology/Novel","novel","http://www.wikidata.org/entity/Q8261"
"http://dbpedia.org/ontology/NuclearPowerStation","Nuclear Power plant","http://www.wikidata.org/entity/Q134447"
"http://dbpedia.org/ontology/Ocean","Ocean","http://www.wikidata.org/entity/Q9430"
"http://dbpedia.org/ontology/Opera","opera","http://www.wikidata.org/entity/Q1344"
"http://dbpedia.org/ontology/Organ","organ","http://www.wikidata.org/entity/Q1444"
"http://dbpedia.org/ontology/Organisation","organisation","http://www.wikidata.org/entity/Q43229"
"http://dbpedia.org/ontology/Outbreak","Outbreak","http://www.wikidata.org/entity/Q495513"
"http://dbpedia.org/ontology/OverseasDepartment","overseas department","http://www.wikidata.org/entity/Q202216"
"http://dbpedia.org/ontology/Painter","painter","http://www.wikidata.org/entity/Q1028181"
"http://dbpedia.org/ontology/Parliament","parliament","http://www.wikidata.org/entity/Q35749"
"http://dbpedia.org/ontology/PeriodicalLiterature","periodical literature","http://www.wikidata.org/entity/Q1092563"
"http://dbpedia.org/ontology/Person","person","http://www.wikidata.org/entity/Q215627"
"http://dbpedia.org/ontology/Person","person","http://www.wikidata.org/entity/Q5"
"http://dbpedia.org/ontology/Philosopher","philosopher","http://www.wikidata.org/entity/Q4964182"
"http://dbpedia.org/ontology/Photographer","photographer","http://www.wikidata.org/entity/Q33231"
"http://dbpedia.org/ontology/Planet","planet","http://www.wikidata.org/entity/Q634"
"http://dbpedia.org/ontology/Plant","plant","http://www.wikidata.org/entity/Q756"
"http://dbpedia.org/ontology/Play","play","http://www.wikidata.org/entity/Q25379"
"http://dbpedia.org/ontology/PlayWright","Playwright","http://www.wikidata.org/entity/Q214917"
"http://dbpedia.org/ontology/Poem","poem","http://www.wikidata.org/entity/Q5185279"
"http://dbpedia.org/ontology/Poet","poet","http://www.wikidata.org/entity/Q49757"
"http://dbpedia.org/ontology/PoliticalParty","political party","http://www.wikidata.org/entity/Q7278"
"http://dbpedia.org/ontology/Politician","politician","http://www.wikidata.org/entity/Q82955"
"http://dbpedia.org/ontology/Pope","pope","http://www.wikidata.org/entity/Q19546"
"http://dbpedia.org/ontology/Population","population","http://www.wikidata.org/entity/Q33829"
"http://dbpedia.org/ontology/Port","Port","http://www.wikidata.org/entity/Q44782"
"http://dbpedia.org/ontology/PowerStation","power station","http://www.wikidata.org/entity/Q159719"
"http://dbpedia.org/ontology/Prefecture","prefecture","http://www.wikidata.org/entity/Q515716"
"http://dbpedia.org/ontology/Presenter","presenter","http://www.wikidata.org/entity/Q13590141"
"http://dbpedia.org/ontology/President","president","http://www.wikidata.org/entity/Q30461"
"http://dbpedia.org/ontology/Priest","priest","http://www.wikidata.org/entity/Q42603"
"http://dbpedia.org/ontology/Prison","prison","http://www.wikidata.org/entity/Q40357"
"http://dbpedia.org/ontology/Producer","Producer","http://www.wikidata.org/entity/Q3282637"
"http://dbpedia.org/ontology/Profession","profession","http://www.wikidata.org/entity/Q28640"
"http://dbpedia.org/ontology/ProgrammingLanguage","programming language","http://www.wikidata.org/entity/Q9143"
"http://dbpedia.org/ontology/ProtectedArea","protected area","http://www.wikidata.org/entity/Q473972"
"http://dbpedia.org/ontology/Protein","protein","http://www.wikidata.org/entity/Q8054"
"http://dbpedia.org/ontology/Psychologist","psychologist","http://www.wikidata.org/entity/Q212980"
"http://dbpedia.org/ontology/PublicService","public service","http://www.wikidata.org/entity/Q161837"
"http://dbpedia.org/ontology/Pyramid","Pyramid","http://www.wikidata.org/entity/Q12516"
"http://dbpedia.org/ontology/RaceTrack","race track","http://www.wikidata.org/entity/Q1777138"
"http://dbpedia.org/ontology/Racecourse","racecourse","http://www.wikidata.org/entity/Q1777138"
"http://dbpedia.org/ontology/RacingDriver","racing driver","http://www.wikidata.org/entity/Q378622"
"http://dbpedia.org/ontology/RadioHost","radio host","http://www.wikidata.org/entity/Q2722764"
"http://dbpedia.org/ontology/RadioProgram","radio program","http://www.wikidata.org/entity/Q1555508"
"http://dbpedia.org/ontology/RailwayLine","railway line","http://www.wikidata.org/entity/Q728937"
"http://dbpedia.org/ontology/RailwayStation","train station","http://www.wikidata.org/entity/Q55488"
"http://dbpedia.org/ontology/RailwayTunnel","railway tunnel","http://www.wikidata.org/entity/Q1311958"
"http://dbpedia.org/ontology/RallyDriver","rally driver","http://www.wikidata.org/entity/Q10842936"
"http://dbpedia.org/ontology/RecordLabel","record label","http://www.wikidata.org/entity/Q18127"
"http://dbpedia.org/ontology/Region","region","http://www.wikidata.org/entity/Q3455524"
"http://dbpedia.org/ontology/Religious","religious","http://www.wikidata.org/entity/Q2566598"
"http://dbpedia.org/ontology/ReligiousBuilding","religious building","http://www.wikidata.org/entity/Q1370598"
"http://dbpedia.org/ontology/ResearchProject","research project","http://www.wikidata.org/entity/Q1298668"
"http://dbpedia.org/ontology/Restaurant","restaurant","http://www.wikidata.org/entity/Q11707"
"http://dbpedia.org/ontology/River","river","http://www.wikidata.org/entity/Q4022"
"http://dbpedia.org/ontology/Road","road","http://www.wikidata.org/entity/Q34442"
"http://dbpedia.org/ontology/RoadTunnel","road tunnel","http://www.wikidata.org/entity/Q2354973"
"http://dbpedia.org/ontology/Rocket","rocket","http://www.wikidata.org/entity/Q41291"
"http://dbpedia.org/ontology/RomanEmperor","roman emperor","http://www.wikidata.org/entity/Q842606"
"http://dbpedia.org/ontology/Rower","rower","http://www.wikidata.org/entity/Q13382576"
"http://dbpedia.org/ontology/RugbyLeague","rugby league","http://www.wikidata.org/entity/Q10962"
"http://dbpedia.org/ontology/RugbyPlayer","rugby player","http://www.wikidata.org/entity/Q13415036"
"http://dbpedia.org/ontology/Saint","saint","http://www.wikidata.org/entity/Q43115"
"http://dbpedia.org/ontology/Sales","sales","http://www.wikidata.org/entity/Q194189"
"http://dbpedia.org/ontology/School","school","http://www.wikidata.org/entity/Q3914"
"http://dbpedia.org/ontology/Scientist","scientist","http://www.wikidata.org/entity/Q901"
"http://dbpedia.org/ontology/ScreenWriter","screenwriter","http://www.wikidata.org/entity/Q28389"
"http://dbpedia.org/ontology/SerialKiller","serial killer","http://www.wikidata.org/entity/Q484188"
"http://dbpedia.org/ontology/Settlement","settlement","http://www.wikidata.org/entity/Q486972"
"http://dbpedia.org/ontology/Ship","ship","http://www.wikidata.org/entity/Q11446"
"http://dbpedia.org/ontology/ShoppingMall","shopping mall","http://www.wikidata.org/entity/Q11315"
"http://dbpedia.org/ontology/Shrine","shrine","http://www.wikidata.org/entity/Q697295"
"http://dbpedia.org/ontology/Singer","Singer","http://www.wikidata.org/entity/Q177220"
"http://dbpedia.org/ontology/Single","single","http://www.wikidata.org/entity/Q134556"
"http://dbpedia.org/ontology/SiteOfSpecialScientificInterest","Site of Special Scientific Interest","http://www.wikidata.org/entity/Q422211"
"http://dbpedia.org/ontology/Skater","skater","http://www.wikidata.org/entity/Q847400"
"http://dbpedia.org/ontology/SkiResort","ski resort","http://www.wikidata.org/entity/Q130003"
"http://dbpedia.org/ontology/Skier","skier","http://www.wikidata.org/entity/Q4270517"
"http://dbpedia.org/ontology/Skyscraper","skyscraper","http://www.wikidata.org/entity/Q11303"
"http://dbpedia.org/ontology/SoccerClub","soccer club","http://www.wikidata.org/entity/Q476028"
"http://dbpedia.org/ontology/SoccerManager","soccer manager","http://www.wikidata.org/entity/Q628099"
"http://dbpedia.org/ontology/SoccerPlayer","soccer player","http://www.wikidata.org/entity/Q937857"
"http://dbpedia.org/ontology/Software","software","http://www.wikidata.org/entity/Q7397"
"http://dbpedia.org/ontology/SolarEclipse","solar eclipse","http://www.wikidata.org/entity/Q3887"
"http://dbpedia.org/ontology/SongWriter","songwriter","http://www.wikidata.org/entity/Q753110"
"http://dbpedia.org/ontology/SpaceMission","space mission","http://www.wikidata.org/entity/Q2133344"
"http://dbpedia.org/ontology/SpaceShuttle","space shuttle","http://www.wikidata.org/entity/Q48806"
"http://dbpedia.org/ontology/SpaceStation","space station","http://www.wikidata.org/entity/Q25956"
"http://dbpedia.org/ontology/Spacecraft","spacecraft","http://www.wikidata.org/entity/Q40218"
"http://dbpedia.org/ontology/Sport","sport","http://www.wikidata.org/entity/Q349"
"http://dbpedia.org/ontology/SportsLeague","sports league","http://www.wikidata.org/entity/Q623109"
"http://dbpedia.org/ontology/SportsTeam","sports team","http://www.wikidata.org/entity/Q12973014"
"http://dbpedia.org/ontology/Square","square","http://www.wikidata.org/entity/Q174782"
"http://dbpedia.org/ontology/SquashPlayer","squash player","http://www.wikidata.org/entity/Q16278103"
"http://dbpedia.org/ontology/State","state","http://www.wikidata.org/entity/Q7275"
"http://dbpedia.org/ontology/Station","station","http://www.wikidata.org/entity/Q719456"
"http://dbpedia.org/ontology/Statistic","statistic","http://www.wikidata.org/entity/Q1949963"
"http://dbpedia.org/ontology/Stream","stream","http://www.wikidata.org/entity/Q47521"
"http://dbpedia.org/ontology/Street","street","http://www.wikidata.org/entity/Q79007"
"http://dbpedia.org/ontology/Surfer","surfer","http://www.wikidata.org/entity/Q13561328"
"http://dbpedia.org/ontology/Swimmer","swimmer","http://www.wikidata.org/entity/Q10843402"
"http://dbpedia.org/ontology/Synagogue","synagogue","http://www.wikidata.org/entity/Q34627"
"http://dbpedia.org/ontology/TableTennisPlayer","table tennis player","http://www.wikidata.org/entity/Q13382519"
"http://dbpedia.org/ontology/Tax","tax","http://www.wikidata.org/entity/Q8161"
"http://dbpedia.org/ontology/Taxon","taxonomic group","http://www.wikidata.org/entity/Q16521"
"http://dbpedia.org/ontology/TeamSport","team sport","http://www.wikidata.org/entity/Q216048"
"http://dbpedia.org/ontology/TelevisionHost","television host","http://www.wikidata.org/entity/Q947873"
"http://dbpedia.org/ontology/TelevisionShow","television show","http://www.wikidata.org/entity/Q15416"
"http://dbpedia.org/ontology/TennisPlayer","tennis player","http://www.wikidata.org/entity/Q10833314"
"http://dbpedia.org/ontology/TennisTournament","tennis tournament","http://www.wikidata.org/entity/Q13219666"
"http://dbpedia.org/ontology/TermOfOffice","term of office","http://www.wikidata.org/entity/Q524572"
"http://dbpedia.org/ontology/Theatre","theatre","http://www.wikidata.org/entity/Q24354"
"http://dbpedia.org/ontology/TheatreDirector","Theatre director","http://www.wikidata.org/entity/Q3387717"
"http://dbpedia.org/ontology/TopLevelDomain","top level domain","http://www.wikidata.org/entity/Q14296"
"http://dbpedia.org/ontology/Tournament","tournament","http://www.wikidata.org/entity/Q500834"
"http://dbpedia.org/ontology/Tower","tower","http://www.wikidata.org/entity/Q12518"
"http://dbpedia.org/ontology/Town","town","http://www.wikidata.org/entity/Q3957"
"http://dbpedia.org/ontology/TradeUnion","trade union","http://www.wikidata.org/entity/Q178790"
"http://dbpedia.org/ontology/Train","train","http://www.wikidata.org/entity/Q870"
"http://dbpedia.org/ontology/Treadmill","Treadmill","http://www.wikidata.org/entity/Q683267"
"http://dbpedia.org/ontology/Tunnel","tunnel","http://www.wikidata.org/entity/Q44377"
"http://dbpedia.org/ontology/University","university","http://www.wikidata.org/entity/Q3918"
"http://dbpedia.org/ontology/Valley","valley","http://www.wikidata.org/entity/Q39816"
"http://dbpedia.org/ontology/Vein","vein","http://www.wikidata.org/entity/Q9609"
"http://dbpedia.org/ontology/VicePresident","vice president","http://www.wikidata.org/entity/Q42178"
"http://dbpedia.org/ontology/VideoGame","video game","http://www.wikidata.org/entity/Q7889"
"http://dbpedia.org/ontology/Village","village","http://www.wikidata.org/entity/Q532"
"http://dbpedia.org/ontology/Volcano","volcano","http://www.wikidata.org/entity/Q8072"
"http://dbpedia.org/ontology/VolleyballPlayer","volleyball player","http://www.wikidata.org/entity/Q15117302"
"http://dbpedia.org/ontology/WaterRide","water ride","http://www.wikidata.org/entity/Q2870166"
"http://dbpedia.org/ontology/WaterTower","Water tower","http://www.wikidata.org/entity/Q274153"
"http://dbpedia.org/ontology/Watermill","Watermill","http://www.wikidata.org/entity/Q185187"
"http://dbpedia.org/ontology/Weapon","weapon","http://www.wikidata.org/entity/Q728"
"http://dbpedia.org/ontology/WikimediaTemplate","Wikimedia template","http://www.wikidata.org/entity/Q11266439"
"http://dbpedia.org/ontology/WindMotor","Wind motor","http://www.wikidata.org/entity/Q15854792"
"http://dbpedia.org/ontology/Windmill","Windmill","http://www.wikidata.org/entity/Q38720"
"http://dbpedia.org/ontology/Wine","wine","http://www.wikidata.org/entity/Q282"
"http://dbpedia.org/ontology/Winery","winery","http://www.wikidata.org/entity/Q156362"
"http://dbpedia.org/ontology/Woman","woman","http://www.wikidata.org/entity/Q467"
"http://dbpedia.org/ontology/Work","work","http://www.wikidata.org/entity/Q386724"
"http://dbpedia.org/ontology/WorldHeritageSite","World Heritage Site","http://www.wikidata.org/entity/Q9259"
"http://dbpedia.org/ontology/Wrestler","wrestler","http://www.wikidata.org/entity/Q13474373"
"http://dbpedia.org/ontology/Writer","writer","http://www.wikidata.org/entity/Q36180"
"http://dbpedia.org/ontology/WrittenWork","written work","http://www.wikidata.org/entity/Q234460"
"http://dbpedia.org/ontology/Year","year","http://www.wikidata.org/entity/Q577"
"http://dbpedia.org/ontology/Zoo","zoo","http://www.wikidata.org/entity/Q43501"
"http://dbpedia.org/ontology/آبادی","population","http://www.wikidata.org/entity/Q33829"
"http://dbpedia.org/ontology/آتش_فشاں","volcano","http://www.wikidata.org/entity/Q8072"
"http://dbpedia.org/ontology/آدمی","man","http://www.wikidata.org/entity/Q8441"
"http://dbpedia.org/ontology/آسٹریلوی_رولز_فٹ_بال_پلیئر","Australian rules football player","http://www.wikidata.org/entity/Q13414980"
"http://dbpedia.org/ontology/اخبار","newspaper","http://www.wikidata.org/entity/Q11032"
"http://dbpedia.org/ontology/اداکار","actor","http://www.wikidata.org/entity/Q33999"
"http://dbpedia.org/ontology/ارضیاتی_دورانیہ","geological period","http://www.wikidata.org/entity/Q392928"
"http://dbpedia.org/ontology/اسپورٹس_لیگ","sports league","http://www.wikidata.org/entity/Q623109"
"http://dbpedia.org/ontology/اسکی_باز","skier","http://www.wikidata.org/entity/Q4270517"
"http://dbpedia.org/ontology/اسکیٹ_کرنے_والا","skater","http://www.wikidata.org/entity/Q847400"
"http://dbpedia.org/ontology/اعصاب","nerve","http://www.wikidata.org/entity/Q9620"
"http://dbpedia.org/ontology/اعضاء_کی_خوراک","Hormone","http://www.wikidata.org/entity/Q8047"
"http://dbpedia.org/ontology/اعلی_انعام","Nobel Prize","http://www.wikidata.org/entity/Q7191"
"http://dbpedia.org/ontology/افسانه","novel","http://www.wikidata.org/entity/Q8261"
"http://dbpedia.org/ontology/افسانوی_شکل","mythological figure","http://www.wikidata.org/entity/Q15410431"
"http://dbpedia.org/ontology/امریکی_فٹ_بال_کھلاڑی","american football player","http://www.wikidata.org/entity/Q14128148"
"http://dbpedia.org/ontology/انتظامی_علاقہ","administrative region","http://www.wikidata.org/entity/Q3455524"
"http://dbpedia.org/ontology/انعام","award","http://www.wikidata.org/entity/Q618779"
"http://dbpedia.org/ontology/انگور","grape","http://www.wikidata.org/entity/Q10978"
"http://dbpedia.org/ontology/انیمے","Anime","http://www.wikidata.org/entity/Q1107"
"http://dbpedia.org/ontology/اوپر_سطح_کی_ڈومین","top level domain","http://www.wikidata.org/entity/Q14296"
"http://dbpedia.org/ontology/اڈا","station","http://www.wikidata.org/entity/Q719456"
"http://dbpedia.org/ontology/ایئر_لائن","airline","http://www.wikidata.org/entity/Q46970"
"http://dbpedia.org/ontology/ایٹمی_بجلی_گھر","Nuclear Power plant","http://www.wikidata.org/entity/Q134447"
"http://dbpedia.org/ontology/ایک_تدفین_کی_جگہ","cemetery","http://www.wikidata.org/entity/Q39614"
"http://dbpedia.org/ontology/بادشاہ","monarch","http://www.wikidata.org/entity/Q116"
"http://dbpedia.org/ontology/باسکٹ_بال_کھلاڑی","basketball player","http://www.wikidata.org/entity/Q3665646"
"http://dbpedia.org/ontology/باغ","garden","http://www.wikidata.org/entity/Q1107656"
"http://dbpedia.org/ontology/بالغ_اداکار","adult (pornographic) actor","http://www.wikidata.org/entity/Q488111"
"http://dbpedia.org/ontology/باہمی_مقابلہ","tournament","http://www.wikidata.org/entity/Q500834"
"http://dbpedia.org/ontology/بجلی_گھر","power station","http://www.wikidata.org/entity/Q159719"
"http://dbpedia.org/ontology/براڈکاسٹ_نیٹ_ورک","broadcast network","http://www.wikidata.org/entity/Q141683"
"http://dbpedia.org/ontology/برف_کا_تودہ","glacier","http://www.wikidata.org/entity/Q35666"
"http://dbpedia.org/ontology/برفانی_ہاکی_کا_کھلاڑی","ice hockey player","http://www.wikidata.org/entity/Q11774891"
"http://dbpedia.org/ontology/برقی_طاقت_پیدا_کرنے_کا_آلہ","battery","http://www.wikidata.org/entity/Q267298"
"http://dbpedia.org/ontology/بستی","settlement","http://www.wikidata.org/entity/Q486972"
"http://dbpedia.org/ontology/بصری_کھیل","video game","http://www.wikidata.org/entity/Q7889"
"http://dbpedia.org/ontology/بلندی","altitude","http://www.wikidata.org/entity/Q190200"
"http://dbpedia.org/ontology/بلی","cat","http://www.wikidata.org/entity/Q146"
"http://dbpedia.org/ontology/بندرگاہ","Port","http://www.wikidata.org/entity/Q44782"
"http://dbpedia.org/ontology/بندهن","ligament","http://www.wikidata.org/entity/Q39888"
"http://dbpedia.org/ontology/بورڈ_کھیل","board game","http://www.wikidata.org/entity/Q131436"
"http://dbpedia.org/ontology/بُرج_آب","Water tower","http://www.wikidata.org/entity/Q274153"
"http://dbpedia.org/ontology/بھورا_بونا","brown dwarf","http://www.wikidata.org/entity/Q101600"
"http://dbpedia.org/ontology/بیرون_ملک_کے_محکمے","overseas department","http://www.wikidata.org/entity/Q202216"
"http://dbpedia.org/ontology/بیس_بال_کا_کھلاڑی","baseball player","http://www.wikidata.org/entity/Q10871364"
"http://dbpedia.org/ontology/بیس_بال_کی_انجمن","baseball league","http://www.wikidata.org/entity/Q6631808"
"http://dbpedia.org/ontology/تاریخی_دور","historical period","http://www.wikidata.org/entity/Q11514315"
"http://dbpedia.org/ontology/تاریخی_علاقہ","Historical region","http://www.wikidata.org/entity/Q1620908"
"http://dbpedia.org/ontology/تاش","card game","http://www.wikidata.org/entity/Q142714"
"http://dbpedia.org/ontology/تجارتی_ادارہ","company","http://www.wikidata.org/entity/Q4830453"
"http://dbpedia.org/ontology/تحریری_پروگراموں_کا_مجموعہ","software","http://www.wikidata.org/entity/Q7397"
"http://dbpedia.org/ontology/تحریری_کام","written work","http://www.wikidata.org/entity/Q234460"
"http://dbpedia.org/ontology/تصویروں_اور_دستخط_کی_کتاب","album","http://www.wikidata.org/entity/Q482994"
"http://dbpedia.org/ontology/تعلیمی_ادارے","educational institution","http://www.wikidata.org/entity/Q2385804"
"http://dbpedia.org/ontology/تعلیمی_جریدہ","academic journal","http://www.wikidata.org/entity/Q737498"
"http://dbpedia.org/ontology/تعلیمی_مضمون","academic subject","http://www.wikidata.org/entity/Q11862829"
"http://dbpedia.org/ontology/تعلیمی_کانفرنس","academic conference","http://www.wikidata.org/entity/Q2020153"
"http://dbpedia.org/ontology/تقریب","event","http://www.wikidata.org/entity/Q1656682"
"http://dbpedia.org/ontology/تماشا_گاہ","theatre","http://www.wikidata.org/entity/Q24354"
"http://dbpedia.org/ontology/تماشہ","play","http://www.wikidata.org/entity/Q25379"
"http://dbpedia.org/ontology/تن_ساز","bodybuilder","http://www.wikidata.org/entity/Q15982795"
"http://dbpedia.org/ontology/تنظیم","organisation","http://www.wikidata.org/entity/Q43229"
"http://dbpedia.org/ontology/تِجارتی_اِدارہ","company","http://www.wikidata.org/entity/Q4830453"
"http://dbpedia.org/ontology/تکرار_کرنا","contest","http://www.wikidata.org/entity/Q476300"
"http://dbpedia.org/ontology/تھن_والے_جانور","mammal","http://www.wikidata.org/entity/Q7377"
"http://dbpedia.org/ontology/تھیٹر_ہدایت_کار","Theatre director","http://www.wikidata.org/entity/Q3387717"
"http://dbpedia.org/ontology/تیراک","swimmer","http://www.wikidata.org/entity/Q10843402"
"http://dbpedia.org/ontology/تیغ_زن","fencer","http://www.wikidata.org/entity/Q737498Q13381863"
"http://dbpedia.org/ontology/جامع_درس_گاہ","university","http://www.wikidata.org/entity/Q3918"
"http://dbpedia.org/ontology/جانور","animal","http://www.wikidata.org/entity/Q729"
"http://dbpedia.org/ontology/جاپانی_افسانه","light novel","http://www.wikidata.org/entity/Q747381"
"http://dbpedia.org/ontology/جزیرہ","island","http://www.wikidata.org/entity/Q23442"
"http://dbpedia.org/ontology/جزیرہ_نما","archipelago","http://www.wikidata.org/entity/Q33837"
"http://dbpedia.org/ontology/جسمانی_ساخت","anatomical structure","http://www.wikidata.org/entity/Q4936952"
"http://dbpedia.org/ontology/جماعتی_کھیل","team sport","http://www.wikidata.org/entity/Q216048"
"http://dbpedia.org/ontology/جھنڈا","flag","http://www.wikidata.org/entity/Q14660"
"http://dbpedia.org/ontology/جھیل","lake","http://www.wikidata.org/entity/Q23397"
"http://dbpedia.org/ontology/جہاز","ship","http://www.wikidata.org/entity/Q11446"
"http://dbpedia.org/ontology/جیل","prison","http://www.wikidata.org/entity/Q40357"
"http://dbpedia.org/ontology/حرف","letter","http://www.wikidata.org/entity/Q133492"
"http://dbpedia.org/ontology/حرف","letter","http://www.wikidata.org/entity/Q9788"
"http://dbpedia.org/ontology/حساب_و_شمار","Algorithm","http://www.wikidata.org/entity/Q8366"
"http://dbpedia.org/ontology/حیاتیاتی_مرکبات","Biomolecule","http://www.wikidata.org/entity/Q206229"
"http://dbpedia.org/ontology/خامرہ","enzyme","http://www.wikidata.org/entity/Q8047"
"http://dbpedia.org/ontology/خاندان","family","http://www.wikidata.org/entity/Q8436"
"http://dbpedia.org/ontology/خانقاہ","monastery","http://www.wikidata.org/entity/Q44613"
"http://dbpedia.org/ontology/خدمات_عامہ","public service","http://www.wikidata.org/entity/Q161837"
"http://dbpedia.org/ontology/خریداری_کرنے_کے_لیے_مختص_جگہ","shopping mall","http://www.wikidata.org/entity/Q11315"
"http://dbpedia.org/ontology/خصوصی_سائنسی_دلچسپی_کی_سائٹ","Site of Special Scientific Interest","http://www.wikidata.org/entity/Q422211"
"http://dbpedia.org/ontology/خلا_باز","astronaut","http://www.wikidata.org/entity/Q11631"
"http://dbpedia.org/ontology/خلائی_جہاز","space shuttle","http://www.wikidata.org/entity/Q48806"
"http://dbpedia.org/ontology/خلائی_مہم","space mission","http://www.wikidata.org/entity/Q2133344"
"http://dbpedia.org/ontology/خوراک","Food","http://www.wikidata.org/entity/Q2095"
"http://dbpedia.org/ontology/خیالی_کردار","fictional character","http://www.wikidata.org/entity/Q95074"
"http://dbpedia.org/ontology/دائرہ_اختيارات","prefecture","http://www.wikidata.org/entity/Q515716"
"http://dbpedia.org/ontology/درہ","mountain pass","http://www.wikidata.org/entity/Q133056"
"http://dbpedia.org/ontology/دفتر_کی_مدت","term of office","http://www.wikidata.org/entity/Q524572"
"http://dbpedia.org/ontology/دوائی","Medicine","http://www.wikidata.org/entity/Q11190"
"http://dbpedia.org/ontology/دیا_گیا_نام","first name","http://www.wikidata.org/entity/Q202444"
"http://dbpedia.org/ontology/دیوتا","deity","http://www.wikidata.org/entity/Q178885"
"http://dbpedia.org/ontology/رسالہ","magazine","http://www.wikidata.org/entity/Q41298"
"http://dbpedia.org/ontology/رقص_گاہ","casino","http://www.wikidata.org/entity/Q133215"
"http://dbpedia.org/ontology/رنگ_ساز","painter","http://www.wikidata.org/entity/Q1028181"
"http://dbpedia.org/ontology/روشنی_کا_مینار","lighthouse","http://www.wikidata.org/entity/Q39715"
"http://dbpedia.org/ontology/رومن_کیتہولک_پادری","pope","http://www.wikidata.org/entity/Q19546"
"http://dbpedia.org/ontology/رگ","vein","http://www.wikidata.org/entity/Q9609"
"http://dbpedia.org/ontology/ریاست","state","http://www.wikidata.org/entity/Q7275"
"http://dbpedia.org/ontology/ریل_گاڑی","train","http://www.wikidata.org/entity/Q870"
"http://dbpedia.org/ontology/ریل_گاڑی_کا_انجن","locomotive","http://www.wikidata.org/entity/Q93301"
"http://dbpedia.org/ontology/ریڑھ_کی_ہڈی_کے_بغیر_جانور","mollusca","http://www.wikidata.org/entity/Q25326"
"http://dbpedia.org/ontology/زبان","language","http://www.wikidata.org/entity/Q315"
"http://dbpedia.org/ontology/زمین_دوز_برقی_ریل_کا_اڈہ","metrostation","http://www.wikidata.org/entity/Q928830"
"http://dbpedia.org/ontology/سائنسدان","scientist","http://www.wikidata.org/entity/Q901"
"http://dbpedia.org/ontology/سائیکلنگ_دوڑ","cycling race","http://www.wikidata.org/entity/Q15091377"
"http://dbpedia.org/ontology/سابق_بلدیہ","one-time municipality","http://www.wikidata.org/entity/Q19730508"
"http://dbpedia.org/ontology/ساز","Instrument","http://www.wikidata.org/entity/Q225829"
"http://dbpedia.org/ontology/سال","year","http://www.wikidata.org/entity/Q577"
"http://dbpedia.org/ontology/ستار","guitar","http://www.wikidata.org/entity/Q6607"
"http://dbpedia.org/ontology/ستار_بجانے_والا","guitarist","http://www.wikidata.org/entity/Q855091"
"http://dbpedia.org/ontology/سرائے","hotel","http://www.wikidata.org/entity/Q27686"
"http://dbpedia.org/ontology/سرنگ","tunnel","http://www.wikidata.org/entity/Q44377"
"http://dbpedia.org/ontology/سرکاری_محکمہ","government agency","http://www.wikidata.org/entity/Q327333"
"http://dbpedia.org/ontology/سرگرمی","activity","http://www.wikidata.org/entity/Q1914636"
"http://dbpedia.org/ontology/سفیر","ambassador","http://www.wikidata.org/entity/Q121998"
"http://dbpedia.org/ontology/سلسلہ_وار_قاتل","serial killer","http://www.wikidata.org/entity/Q484188"
"http://dbpedia.org/ontology/سمندر","Ocean","http://www.wikidata.org/entity/Q9430"
"http://dbpedia.org/ontology/سنگل","single","http://www.wikidata.org/entity/Q134556"
"http://dbpedia.org/ontology/سنیما","cinema (movie theater)","http://www.wikidata.org/entity/Q41253"
"http://dbpedia.org/ontology/سورج_گرہن","solar eclipse","http://www.wikidata.org/entity/Q3887"
"http://dbpedia.org/ontology/سڑک","road","http://www.wikidata.org/entity/Q34442"
"http://dbpedia.org/ontology/سیارہ","planet","http://www.wikidata.org/entity/Q634"
"http://dbpedia.org/ontology/سیاستدان","politician","http://www.wikidata.org/entity/Q82955"
"http://dbpedia.org/ontology/سیاسی_جماعت","political party","http://www.wikidata.org/entity/Q7278"
"http://dbpedia.org/ontology/شاعر","poet","http://www.wikidata.org/entity/Q49757"
"http://dbpedia.org/ontology/شخص","person","http://www.wikidata.org/entity/Q215627"
"http://dbpedia.org/ontology/شخص","person","http://www.wikidata.org/entity/Q5"
"http://dbpedia.org/ontology/شراب","wine","http://www.wikidata.org/entity/Q282"
"http://dbpedia.org/ontology/شراب_خانہ","winery","http://www.wikidata.org/entity/Q156362"
"http://dbpedia.org/ontology/شریان","artery","http://www.wikidata.org/entity/Q9655"
"http://dbpedia.org/ontology/شریف_خاندان","Noble family","http://www.wikidata.org/entity/Q13417114"
"http://dbpedia.org/ontology/شماریات","statistic","http://www.wikidata.org/entity/Q1949963"
"http://dbpedia.org/ontology/شناخت_کنندہ","identifier","http://www.wikidata.org/entity/Q6545185"
"http://dbpedia.org/ontology/شہر","city","http://www.wikidata.org/entity/Q515"
"http://dbpedia.org/ontology/شہر_کا_منتظم","mayor","http://www.wikidata.org/entity/Q30185"
"http://dbpedia.org/ontology/صحافی","journalist","http://www.wikidata.org/entity/Q1930187"
"http://dbpedia.org/ontology/صدر","president","http://www.wikidata.org/entity/Q30461"
"http://dbpedia.org/ontology/طبی_خصوصیت","medical specialty","http://www.wikidata.org/entity/Q930752"
"http://dbpedia.org/ontology/عالمی_ثقافتی_ورثہ","World Heritage Site","http://www.wikidata.org/entity/Q9259"
"http://dbpedia.org/ontology/عجائب_گھر","museum","http://www.wikidata.org/entity/Q33506"
"http://dbpedia.org/ontology/عضو","organ","http://www.wikidata.org/entity/Q1444"
"http://dbpedia.org/ontology/علاقہ","region","http://www.wikidata.org/entity/Q3455524"
"http://dbpedia.org/ontology/عمارت","building","http://www.wikidata.org/entity/Q41176"
"http://dbpedia.org/ontology/عورت","woman","http://www.wikidata.org/entity/Q467"
"http://dbpedia.org/ontology/عکسی_تصویر_اتارنے_والا","photographer","http://www.wikidata.org/entity/Q33231"
"http://dbpedia.org/ontology/غیر_منافع_بخش_تنظیم","non-profit organisation","http://www.wikidata.org/entity/Q163740"
"http://dbpedia.org/ontology/فرقہ_واریت","Intercommunality","http://www.wikidata.org/entity/Q3153117"
"http://dbpedia.org/ontology/فروخت","sales","http://www.wikidata.org/entity/Q194189"
"http://dbpedia.org/ontology/فلسفی","philosopher","http://www.wikidata.org/entity/Q4964182"
"http://dbpedia.org/ontology/فلم","film","http://www.wikidata.org/entity/Q11424"
"http://dbpedia.org/ontology/فلم_کا_ہدایت_کار","Movie director","http://www.wikidata.org/entity/Q2526255"
"http://dbpedia.org/ontology/فلمی_میلہ","film festival","http://www.wikidata.org/entity/Q220505"
"http://dbpedia.org/ontology/فلک_بوس_عمارت","skyscraper","http://www.wikidata.org/entity/Q11303"
"http://dbpedia.org/ontology/فنکار","artist","http://www.wikidata.org/entity/Q483501"
"http://dbpedia.org/ontology/فوجی_یونٹ","military unit","http://www.wikidata.org/entity/Q176799"
"http://dbpedia.org/ontology/فٹ_بال_تنظیم","soccer club","http://www.wikidata.org/entity/Q476028"
"http://dbpedia.org/ontology/فٹ_بال_منتظم","soccer manager","http://www.wikidata.org/entity/Q628099"
"http://dbpedia.org/ontology/فگرسکیٹر","figure skater","http://www.wikidata.org/entity/Q13219587"
"http://dbpedia.org/ontology/قاتل","murderer","http://www.wikidata.org/entity/Q16266334"
"http://dbpedia.org/ontology/قاضی","judge","http://www.wikidata.org/entity/Q16533"
"http://dbpedia.org/ontology/قانونی_فرم","law firm","http://www.wikidata.org/entity/Q613142"
"http://dbpedia.org/ontology/قانونی_مقدمہ","Legal Case","http://www.wikidata.org/entity/Q2334719"
"http://dbpedia.org/ontology/قبرستان","cemetery","http://www.wikidata.org/entity/Q39614"
"http://dbpedia.org/ontology/قدرتی_علاقہ","natural region","http://www.wikidata.org/entity/Q1970725"
"http://dbpedia.org/ontology/قصبہ","town","http://www.wikidata.org/entity/Q3957"
"http://dbpedia.org/ontology/قلم_کار","screenwriter","http://www.wikidata.org/entity/Q28389"
"http://dbpedia.org/ontology/قمری_گڑھا","lunar crater","http://www.wikidata.org/entity/Q1348589"
"http://dbpedia.org/ontology/قومی_ترانہ","National anthem","http://www.wikidata.org/entity/Q23691"
"http://dbpedia.org/ontology/لحمیات","protein","http://www.wikidata.org/entity/Q8054"
"http://dbpedia.org/ontology/مانگا","manga","http://www.wikidata.org/entity/Q8274"
"http://dbpedia.org/ontology/مانہوا","manhua","http://www.wikidata.org/entity/Q754669"
"http://dbpedia.org/ontology/ماہر_آثار_قدیمہ","archeologist","http://www.wikidata.org/entity/Q3621491"
"http://dbpedia.org/ontology/ماہر_حشریات","entomologist","http://www.wikidata.org/entity/Q3055126"
"http://dbpedia.org/ontology/ماہر_حیاتیات","biologist","http://www.wikidata.org/entity/Q3055126"
"http://dbpedia.org/ontology/ماہر_فنیات","engineer","http://www.wikidata.org/entity/Q81096"
"http://dbpedia.org/ontology/ماہر_لسانیات","linguist","http://www.wikidata.org/entity/Q14467526"
"http://dbpedia.org/ontology/ماہر_نفسیات","psychologist","http://www.wikidata.org/entity/Q212980"
"http://dbpedia.org/ontology/مبدہ","Producer","http://www.wikidata.org/entity/Q3282637"
"http://dbpedia.org/ontology/متواتر_ادب","periodical literature","http://www.wikidata.org/entity/Q1092563"
"http://dbpedia.org/ontology/مجرم","criminal","http://www.wikidata.org/entity/Q2159907"
"http://dbpedia.org/ontology/مجلس_قانون_ساز","parliament","http://www.wikidata.org/entity/Q35749"
"http://dbpedia.org/ontology/محصول","tax","http://www.wikidata.org/entity/Q8161"
"http://dbpedia.org/ontology/محفوظ_شدہ_دستاویزات","Archive","http://www.wikidata.org/entity/Q166118"
"http://dbpedia.org/ontology/محفوظ_علاقہ","protected area","http://www.wikidata.org/entity/Q473972"
"http://dbpedia.org/ontology/محلہ","locality","http://www.wikidata.org/entity/Q3257686"
"http://dbpedia.org/ontology/مخروطی_مصری_مینار","Pyramid","http://www.wikidata.org/entity/Q12516"
"http://dbpedia.org/ontology/مدرسه","school","http://www.wikidata.org/entity/Q3914"
"http://dbpedia.org/ontology/مذہبی","religious","http://www.wikidata.org/entity/Q2566598"
"http://dbpedia.org/ontology/مذہبی_عمارت","religious building","http://www.wikidata.org/entity/Q1370598"
"http://dbpedia.org/ontology/مزاحیہ","comic","http://www.wikidata.org/entity/Q245068"
"http://dbpedia.org/ontology/مزار","shrine","http://www.wikidata.org/entity/Q697295"
"http://dbpedia.org/ontology/مزدوروں_کا_اتحاد","trade union","http://www.wikidata.org/entity/Q178790"
"http://dbpedia.org/ontology/مسجد","mosque","http://www.wikidata.org/entity/Q32815"
"http://dbpedia.org/ontology/مشیر","chancellor","http://www.wikidata.org/entity/Q373085"
"http://dbpedia.org/ontology/مصنف","writer","http://www.wikidata.org/entity/Q36180"
"http://dbpedia.org/ontology/معدنیات","mineral","http://www.wikidata.org/entity/Q7946"
"http://dbpedia.org/ontology/معلوماتی_آلات","information appliance","http://www.wikidata.org/entity/Q1067263"
"http://dbpedia.org/ontology/معمار","architect","http://www.wikidata.org/entity/Q42973"
"http://dbpedia.org/ontology/مقابلہ","competition","http://www.wikidata.org/entity/Q1656682"
"http://dbpedia.org/ontology/مقابلہ_میں_کاریں_چلانے_والے","racing driver","http://www.wikidata.org/entity/Q378622"
"http://dbpedia.org/ontology/مقننہ","legislature","http://www.wikidata.org/entity/Q11204"
"http://dbpedia.org/ontology/ملاقات","meeting","http://www.wikidata.org/entity/Q2761147"
"http://dbpedia.org/ontology/ملک","country","http://www.wikidata.org/entity/Q6256"
"http://dbpedia.org/ontology/منحوا","manhwa","http://www.wikidata.org/entity/Q562214"
"http://dbpedia.org/ontology/مواصلات","media","http://www.wikidata.org/entity/Q340169"
"http://dbpedia.org/ontology/موبائل_فون","mobile phone","http://www.wikidata.org/entity/Q17517"
"http://dbpedia.org/ontology/موج_تختہ_پر_سوار_ہونے_والا","surfer","http://www.wikidata.org/entity/Q13561328"
"http://dbpedia.org/ontology/موسیقی_میلہ","music festival","http://www.wikidata.org/entity/Q868557"
"http://dbpedia.org/ontology/موسیقی_کا","musical","http://www.wikidata.org/entity/Q2743"
"http://dbpedia.org/ontology/موسیقی_کا_رہنما","music director","http://www.wikidata.org/entity/Q1198887"
"http://dbpedia.org/ontology/موسیقی_کا_کام","musical work","http://www.wikidata.org/entity/Q2188189"
"http://dbpedia.org/ontology/موسیقی_کی_صنف","music genre","http://www.wikidata.org/entity/Q188451"
"http://dbpedia.org/ontology/موسیقی_کے_ساتھ_نقل_یا_اداکاری","opera","http://www.wikidata.org/entity/Q1344"
"http://dbpedia.org/ontology/موٹر_سائیکل","motorcycle","http://www.wikidata.org/entity/Q34493"
"http://dbpedia.org/ontology/مچھلی","fish","http://www.wikidata.org/entity/Q152"
"http://dbpedia.org/ontology/میزائل_چلانے_کی_جگہ","launch pad","http://www.wikidata.org/entity/Q1353183"
"http://dbpedia.org/ontology/مینار","tower","http://www.wikidata.org/entity/Q12518"
"http://dbpedia.org/ontology/نائب_صدر","vice president","http://www.wikidata.org/entity/Q42178"
"http://dbpedia.org/ontology/ناشَر","broadcaster","http://www.wikidata.org/entity/Q15265344"
"http://dbpedia.org/ontology/نام","name","http://www.wikidata.org/entity/Q82799"
"http://dbpedia.org/ontology/ندی","stream","http://www.wikidata.org/entity/Q47521"
"http://dbpedia.org/ontology/نسل_یا_خاندان","taxonomic group","http://www.wikidata.org/entity/Q16521"
"http://dbpedia.org/ontology/نسلی_گروہ","ethnic group","http://www.wikidata.org/entity/Q41710"
"http://dbpedia.org/ontology/نشریاتی_جال","broadcast network","http://www.wikidata.org/entity/Q141683"
"http://dbpedia.org/ontology/نشے_کی_دوا","drug","http://www.wikidata.org/entity/Q8386"
"http://dbpedia.org/ontology/نظریہ","ideology","http://www.wikidata.org/entity/Q7257"
"http://dbpedia.org/ontology/نظم","poem","http://www.wikidata.org/entity/Q5185279"
"http://dbpedia.org/ontology/نغمہ_نگار","songwriter","http://www.wikidata.org/entity/Q753110"
"http://dbpedia.org/ontology/نمائش_کرنے_والا","model","http://www.wikidata.org/entity/Q4610556"
"http://dbpedia.org/ontology/نمائندہ","agent","http://www.wikidata.org/entity/Q24229398"
"http://dbpedia.org/ontology/نَسبہ","gene","http://www.wikidata.org/entity/Q7187"
"http://dbpedia.org/ontology/نکشتر","constellation","http://www.wikidata.org/entity/Q8928"
"http://dbpedia.org/ontology/وادی","valley","http://www.wikidata.org/entity/Q39816"
"http://dbpedia.org/ontology/والی_بال_کاکھلاڑی","volleyball player","http://www.wikidata.org/entity/Q15117302"
"http://dbpedia.org/ontology/ولی","saint","http://www.wikidata.org/entity/Q43115"
"http://dbpedia.org/ontology/وکیل","Lawyer","http://www.wikidata.org/entity/Q40348"
"http://dbpedia.org/ontology/ویکی_میڈیا_کا_سانچہ","Wikimedia template","http://www.wikidata.org/entity/Q11266439"
"http://dbpedia.org/ontology/ٹی_وی_شو","television show","http://www.wikidata.org/entity/Q15416"
"http://dbpedia.org/ontology/ٹی_وی_مزبان","television host","http://www.wikidata.org/entity/Q947873"
"http://dbpedia.org/ontology/ٹیبل_ٹینس_کا_کھلاڑی","table tennis player","http://www.wikidata.org/entity/Q13382519"
"http://dbpedia.org/ontology/ٹینس_کا_باہمی_مقابلہ","tennis tournament","http://www.wikidata.org/entity/Q13219666"
"http://dbpedia.org/ontology/ٹینس_کا_کھلاڑی","tennis player","http://www.wikidata.org/entity/Q10833314"
"http://dbpedia.org/ontology/پارلیمنٹ_کا_رکن","member of parliament","http://www.wikidata.org/entity/Q486839"
"http://dbpedia.org/ontology/پانی_کی_سواری","water ride","http://www.wikidata.org/entity/Q2870166"
"http://dbpedia.org/ontology/پجاری","priest","http://www.wikidata.org/entity/Q42603"
"http://dbpedia.org/ontology/پروگرامنگ_زبان","programming language","http://www.wikidata.org/entity/Q9143"
"http://dbpedia.org/ontology/پل","bridge","http://www.wikidata.org/entity/Q12280"
"http://dbpedia.org/ontology/پن_چکی","Watermill","http://www.wikidata.org/entity/Q185187"
"http://dbpedia.org/ontology/پودا","plant","http://www.wikidata.org/entity/Q756"
"http://dbpedia.org/ontology/پوشاک_ساز","fashion designer","http://www.wikidata.org/entity/Q3501317"
"http://dbpedia.org/ontology/پَوَن_چکّی_کی_طرح_کی_کّل","Wind motor","http://www.wikidata.org/entity/Q15854792"
"http://dbpedia.org/ontology/پٹھوں","muscle","http://www.wikidata.org/entity/Q7365"
"http://dbpedia.org/ontology/پھسلن_کھیل_کا_میدان","ski resort","http://www.wikidata.org/entity/Q130003"
"http://dbpedia.org/ontology/پہاڑ","mountain","http://www.wikidata.org/entity/Q8502"
"http://dbpedia.org/ontology/پہاڑی_سلسلہ","mountain range","http://www.wikidata.org/entity/Q46831"
"http://dbpedia.org/ontology/پہلوان","wrestler","http://www.wikidata.org/entity/Q13474373"
"http://dbpedia.org/ontology/پیش_کنندہ","presenter","http://www.wikidata.org/entity/Q13590141"
"http://dbpedia.org/ontology/پیشہ","profession","http://www.wikidata.org/entity/Q28640"
"http://dbpedia.org/ontology/چوکور","square","http://www.wikidata.org/entity/Q174782"
"http://dbpedia.org/ontology/چڑیا_گھر","zoo","http://www.wikidata.org/entity/Q43501"
"http://dbpedia.org/ontology/چکی","Mill","http://www.wikidata.org/entity/Q44494"
"http://dbpedia.org/ontology/چھٹی","holiday","http://www.wikidata.org/entity/Q1445650"
"http://dbpedia.org/ontology/ڈرامہ_نگار","Playwright","http://www.wikidata.org/entity/Q214917"
"http://dbpedia.org/ontology/ڈھینکلی","Treadmill","http://www.wikidata.org/entity/Q683267"
"http://dbpedia.org/ontology/کارخانه","factory","http://www.wikidata.org/entity/Q83405"
"http://dbpedia.org/ontology/کارٹون","cartoon","http://www.wikidata.org/entity/Q627603"
"http://dbpedia.org/ontology/کاشت_شدہ_مختلف_قسم","cultivar (cultivated variety)","http://www.wikidata.org/entity/Q4886"
"http://dbpedia.org/ontology/کام","work","http://www.wikidata.org/entity/Q25372"
"http://dbpedia.org/ontology/کتاب","book","http://www.wikidata.org/entity/Q571"
"http://dbpedia.org/ontology/کتب_خانہ","library","http://www.wikidata.org/entity/Q7075"
"http://dbpedia.org/ontology/کسان","farmer","http://www.wikidata.org/entity/Q131512"
"http://dbpedia.org/ontology/کشودرگرہ","asteroid","http://www.wikidata.org/entity/Q3863"
"http://dbpedia.org/ontology/کورونا_وائرس2019","COVID-19 pandemic","http://www.wikidata.org/entity/Q84263196"
"http://dbpedia.org/ontology/کھیل","game","http://www.wikidata.org/entity/Q11410"
"http://dbpedia.org/ontology/کھیل_کی_جماعت","sports team","http://www.wikidata.org/entity/Q12973014"
"http://dbpedia.org/ontology/کھیلوں_کی_انجمن","sports league","http://www.wikidata.org/entity/Q623109"
"http://dbpedia.org/ontology/کہکشاں","galaxy","http://www.wikidata.org/entity/Q318"
"http://dbpedia.org/ontology/کیمیائی_مرکب","chemical compound","http://www.wikidata.org/entity/Q11173"
"http://dbpedia.org/ontology/کیڑا","insect","http://www.wikidata.org/entity/Q1390"
"http://dbpedia.org/ontology/گاؤں","village","http://www.wikidata.org/entity/Q532"
"http://dbpedia.org/ontology/گالف_کا_میدان","golf course","http://www.wikidata.org/entity/Q1048525"
"http://dbpedia.org/ontology/گالف_کا_کھلاڑی","golf player","http://www.wikidata.org/entity/Q13156709"
"http://dbpedia.org/ontology/گانے_والوں_کا_گروہ","Band","http://www.wikidata.org/entity/Q215380"
"http://dbpedia.org/ontology/گرجا","church","http://www.wikidata.org/entity/Q16970"
"http://dbpedia.org/ontology/گرم_موسم_بہار","hot spring","http://www.wikidata.org/entity/Q177380"
"http://dbpedia.org/ontology/گرم_پانی_کا_قدرتی_چشمہ","hot spring","http://www.wikidata.org/entity/Q177380"
"http://dbpedia.org/ontology/گرم_پانی_کاقدرتی_چشم","hot spring","http://www.wikidata.org/entity/Q177380"
"http://dbpedia.org/ontology/گرڈیرون_فٹ_بال_کھلاڑی","gridiron football player","http://www.wikidata.org/entity/Q14128148"
"http://dbpedia.org/ontology/گلوکار","Singer","http://www.wikidata.org/entity/Q177220"
"http://dbpedia.org/ontology/گولف_کا_باہمی_مقابلہ","golf tournament","http://www.wikidata.org/entity/Q15061650"
"http://dbpedia.org/ontology/ہارمون","Hormone","http://www.wikidata.org/entity/Q8047"
"http://dbpedia.org/ontology/ہاکی_ٹیم","hockey team","http://www.wikidata.org/entity/Q4498974"
"http://dbpedia.org/ontology/ہاکی_کھیل_کی_جماعت","hockey team","http://www.wikidata.org/entity/Q4498974"
"http://dbpedia.org/ontology/ہتھیار","weapon","http://www.wikidata.org/entity/Q728"
"http://dbpedia.org/ontology/ہلکی_شراب","beer","http://www.wikidata.org/entity/Q44"
"http://dbpedia.org/ontology/ہنگامہ","Outbreak","http://www.wikidata.org/entity/Q495513"
"http://dbpedia.org/ontology/ہوا_کی_چکی","Windmill","http://www.wikidata.org/entity/Q38720"
"http://dbpedia.org/ontology/ہوائی_اڈہ","airport","http://www.wikidata.org/entity/Q1248784"
"http://dbpedia.org/ontology/ہوائی_جہاز","aircraft","http://www.wikidata.org/entity/Q11436"
"http://dbpedia.org/ontology/ہوائی_راستہ","airline","http://www.wikidata.org/entity/Q46970"
"http://dbpedia.org/ontology/ہڈی","bone","http://www.wikidata.org/entity/Q265868"
"http://dbpedia.org/ontology/ہینڈ_بال_جماعت","handball team","http://www.wikidata.org/entity/Q10517054"
"http://dbpedia.org/ontology/ہینڈ_بال_کا_کھلاڑی","handball player","http://www.wikidata.org/entity/Q13365117"
"http://dbpedia.org/ontology/یادگار","memorial","http://www.wikidata.org/entity/Q4989906"
"http://dbpedia.org/ontology/یوکاریوٹ۔","eukaryote","http://www.wikidata.org/entity/Q19088"
"http://dbpedia.org/ontology/یہودیوں_کی_عبادت_گاہ","synagogue","http://www.wikidata.org/entity/Q34627"
