item,itemLabel,uri
http://www.wikidata.org/entity/Q144,Hund,http://wordnet-rdf.princeton.edu/wn30/02084071-n
http://www.wikidata.org/entity/Q177,Pizza,http://wordnet-rdf.princeton.edu/wn30/07873807-n
http://www.wikidata.org/entity/Q5414,Deutsche Dogge,http://wordnet-rdf.princeton.edu/wn30/02109047-n
http://www.wikidata.org/entity/Q7987,Maus,http://wordnet-rdf.princeton.edu/wn30/03793489-n
http://www.wikidata.org/entity/Q11707,Restaurant,http://wordnet-rdf.princeton.edu/wn30/04081281-n
http://www.wikidata.org/entity/Q12876,Panzer,http://wordnet-rdf.princeton.edu/wn30/04389033-n
http://www.wikidata.org/entity/Q7560,Mutter,http://wordnet-rdf.princeton.edu/wn30/10332385-n
http://www.wikidata.org/entity/Q38751,Malteser,http://wordnet-rdf.princeton.edu/wn30/02085936-n
http://www.wikidata.org/entity/Q41960,Westlicher Kleiner Panda,http://wordnet-rdf.princeton.edu/wn30/02509815-n
http://www.wikidata.org/entity/Q42177,Bett,http://wordnet-rdf.princeton.edu/wn30/02818832-n
http://www.wikidata.org/entity/Q39777,Maracas,http://wordnet-rdf.princeton.edu/wn30/03720891-n
http://www.wikidata.org/entity/Q37507,Streichholz,http://wordnet-rdf.princeton.edu/wn30/03729826-n
http://www.wikidata.org/entity/Q76280,Schleie,http://wordnet-rdf.princeton.edu/wn30/01440764-n
http://www.wikidata.org/entity/Q75794,Blase,http://wordnet-rdf.princeton.edu/wn30/09229709-n
http://www.wikidata.org/entity/Q79838,Akkordeon,http://wordnet-rdf.princeton.edu/wn30/02672831-n
http://www.wikidata.org/entity/Q81235,Geldautomat,http://wordnet-rdf.princeton.edu/wn30/02977058-n
http://www.wikidata.org/entity/Q190858,Gazellen,http://wordnet-rdf.princeton.edu/wn30/02423022-n
http://www.wikidata.org/entity/Q188886,Kombi,http://wordnet-rdf.princeton.edu/wn30/02814533-n
http://www.wikidata.org/entity/Q187140,Becherglas,http://wordnet-rdf.princeton.edu/wn30/02815834-n
http://www.wikidata.org/entity/Q187359,Windel,http://wordnet-rdf.princeton.edu/wn30/03188531-n
http://www.wikidata.org/entity/Q192411,Taschentuch,http://wordnet-rdf.princeton.edu/wn30/03485794-n
http://www.wikidata.org/entity/Q193897,Pinsel,http://wordnet-rdf.princeton.edu/wn30/03876231-n
http://www.wikidata.org/entity/Q181890,Plektrum,http://wordnet-rdf.princeton.edu/wn30/03929660-n
http://www.wikidata.org/entity/Q215857,Bücherregal,http://wordnet-rdf.princeton.edu/wn30/02870880-n
http://www.wikidata.org/entity/Q211584,Selbstbedienungsautomat,http://wordnet-rdf.princeton.edu/wn30/04525305-n
http://www.wikidata.org/entity/Q127956,Mikrowellenherd,http://wordnet-rdf.princeton.edu/wn30/03761084-n
http://www.wikidata.org/entity/Q134566,Waage,http://wordnet-rdf.princeton.edu/wn30/04141975-n
http://www.wikidata.org/entity/Q181008,Puzzle,http://wordnet-rdf.princeton.edu/wn30/03598930-n
http://www.wikidata.org/entity/Q178805,Joystick,http://wordnet-rdf.princeton.edu/wn30/03602883-n
http://www.wikidata.org/entity/Q181348,Viadukt,http://wordnet-rdf.princeton.edu/wn30/04532670-n
http://www.wikidata.org/entity/Q527395,Knoten,http://wordnet-rdf.princeton.edu/wn30/03627232-n
http://www.wikidata.org/entity/Q482816,Fallschirm,http://wordnet-rdf.princeton.edu/wn30/03888257-n
http://www.wikidata.org/entity/Q468794,Poncho,http://wordnet-rdf.princeton.edu/wn30/03980874-n
http://www.wikidata.org/entity/Q516844,Bierglas,http://wordnet-rdf.princeton.edu/wn30/02823750-n
http://www.wikidata.org/entity/Q510176,Kassettenrekorder,http://wordnet-rdf.princeton.edu/wn30/02979186-n
http://www.wikidata.org/entity/Q498439,Plastikbeutel,http://wordnet-rdf.princeton.edu/wn30/03958227-n
http://www.wikidata.org/entity/Q258896,Banjo,http://wordnet-rdf.princeton.edu/wn30/02787622-n
http://www.wikidata.org/entity/Q268828,Gehhilfe,http://wordnet-rdf.princeton.edu/wn30/03141823-n
http://www.wikidata.org/entity/Q281460,Pfeifenorgel,http://wordnet-rdf.princeton.edu/wn30/03854065-n
http://www.wikidata.org/entity/Q311666,Projektor,http://wordnet-rdf.princeton.edu/wn30/04009552-n
http://www.wikidata.org/entity/Q335297,Pfeiler,http://wordnet-rdf.princeton.edu/wn30/03933933-n
http://www.wikidata.org/entity/Q322483,Fingerhut,http://wordnet-rdf.princeton.edu/wn30/04423845-n
http://www.wikidata.org/entity/Q321046,Jalousie,http://wordnet-rdf.princeton.edu/wn30/04590129-n
http://www.wikidata.org/entity/Q322787,Kartoffelpüree,http://wordnet-rdf.princeton.edu/wn30/07711569-n
http://www.wikidata.org/entity/Q857319,Junco,http://wordnet-rdf.princeton.edu/wn30/01534433-n
http://www.wikidata.org/entity/Q858236,Bruststück,http://wordnet-rdf.princeton.edu/wn30/02895154-n
http://www.wikidata.org/entity/Q852190,Schiffswrack,http://wordnet-rdf.princeton.edu/wn30/04606251-n
http://www.wikidata.org/entity/Q910768,Fliegengitter,http://wordnet-rdf.princeton.edu/wn30/04589890-n
http://www.wikidata.org/entity/Q1056508,Cervicalstütze,http://wordnet-rdf.princeton.edu/wn30/03814639-n
http://www.wikidata.org/entity/Q689880,Bohrplattform,http://wordnet-rdf.princeton.edu/wn30/03240683-n
http://www.wikidata.org/entity/Q745751,Kitfuchs,http://wordnet-rdf.princeton.edu/wn30/02119789-n
http://www.wikidata.org/entity/Q2234382,Schiebetür,http://wordnet-rdf.princeton.edu/wn30/04239074-n
http://www.wikidata.org/entity/Q4342445,stole,http://wordnet-rdf.princeton.edu/wn30/04325704-n
http://www.wikidata.org/entity/Q9166501,Güterwagen,http://wordnet-rdf.princeton.edu/wn30/03393912-n
http://www.wikidata.org/entity/Q786732,Felge,http://wordnet-rdf.princeton.edu/wn30/02974003-n
http://www.wikidata.org/entity/Q15037754,Kart,http://wordnet-rdf.princeton.edu/wn30/03444034-n
http://www.wikidata.org/entity/Q16875637,Querflöten,http://wordnet-rdf.princeton.edu/wn30/03372029-n
http://www.wikidata.org/entity/Q47519477,dial telephone,http://wordnet-rdf.princeton.edu/wn30/03187595-n
http://www.wikidata.org/entity/Q653,Chihuahua,http://wordnet-rdf.princeton.edu/wn30/02085620-n
http://www.wikidata.org/entity/Q25418,Stieglitz,http://wordnet-rdf.princeton.edu/wn30/01531178-n
http://www.wikidata.org/entity/Q39285,Staffordshire Bullterrier,http://wordnet-rdf.princeton.edu/wn30/02093256-n
http://www.wikidata.org/entity/Q37077,Nagel,http://wordnet-rdf.princeton.edu/wn30/03804744-n
http://www.wikidata.org/entity/Q6573,Hamster Bleon UHU,http://wordnet-rdf.princeton.edu/wn30/02342885-n
http://www.wikidata.org/entity/Q5607,Modem,http://wordnet-rdf.princeton.edu/wn30/03777754-n
http://www.wikidata.org/entity/Q1827,Rotwein,http://wordnet-rdf.princeton.edu/wn30/07892512-n
http://www.wikidata.org/entity/Q15343,Schnabeltier,http://wordnet-rdf.princeton.edu/wn30/01873310-n
http://www.wikidata.org/entity/Q17700,Nerz,http://wordnet-rdf.princeton.edu/wn30/02442845-n
http://www.wikidata.org/entity/Q17205,Flugzeugträger,http://wordnet-rdf.princeton.edu/wn30/02687172-n
http://www.wikidata.org/entity/Q12714,Dosenöffner,http://wordnet-rdf.princeton.edu/wn30/02951585-n
http://www.wikidata.org/entity/Q12493,Kuppel,http://wordnet-rdf.princeton.edu/wn30/03220513-n
http://www.wikidata.org/entity/Q20463,Müllwagen,http://wordnet-rdf.princeton.edu/wn30/03417042-n
http://www.wikidata.org/entity/Q12796,Feuerwaffe,http://wordnet-rdf.princeton.edu/wn30/03467984-n
http://www.wikidata.org/entity/Q12570,Hängebrücke,http://wordnet-rdf.princeton.edu/wn30/04366367-n
http://www.wikidata.org/entity/Q13191,Orange,http://wordnet-rdf.princeton.edu/wn30/07747607-n
http://www.wikidata.org/entity/Q42610,Perserkatze,http://wordnet-rdf.princeton.edu/wn30/02123394-n
http://www.wikidata.org/entity/Q40607,Vorhängeschloss,http://wordnet-rdf.princeton.edu/wn30/03874599-n
http://www.wikidata.org/entity/Q56155,Desktop-Computer,http://wordnet-rdf.princeton.edu/wn30/03180011-n
http://www.wikidata.org/entity/Q113297,Südliche Schwarze Witwe,http://wordnet-rdf.princeton.edu/wn30/01774384-n
http://www.wikidata.org/entity/Q124282,Dock,http://wordnet-rdf.princeton.edu/wn30/03216828-n
http://www.wikidata.org/entity/Q131746,Parfüm,http://wordnet-rdf.princeton.edu/wn30/03916031-n
http://www.wikidata.org/entity/Q159404,Amerikanischer Ochsenfrosch,http://wordnet-rdf.princeton.edu/wn30/01641577-n
http://www.wikidata.org/entity/Q178692,Kran,http://wordnet-rdf.princeton.edu/wn30/03126707-n
http://www.wikidata.org/entity/Q179904,Sanduhr,http://wordnet-rdf.princeton.edu/wn30/03544143-n
http://www.wikidata.org/entity/Q189299,Halskette,http://wordnet-rdf.princeton.edu/wn30/03814906-n
http://www.wikidata.org/entity/Q185369,Fotokopierer,http://wordnet-rdf.princeton.edu/wn30/03924679-n
http://www.wikidata.org/entity/Q189290,Offizier,http://wordnet-rdf.princeton.edu/wn30/10317007-n
http://www.wikidata.org/entity/Q207058,Gila-Krustenechse,http://wordnet-rdf.princeton.edu/wn30/01692333-n
http://www.wikidata.org/entity/Q206338,Asseln,http://wordnet-rdf.princeton.edu/wn30/01990800-n
http://www.wikidata.org/entity/Q208043,Weißhandgibbon,http://wordnet-rdf.princeton.edu/wn30/02483362-n
http://www.wikidata.org/entity/Q193811,Anspitzer,http://wordnet-rdf.princeton.edu/wn30/03908714-n
http://www.wikidata.org/entity/Q213777,Tonbandgerät,http://wordnet-rdf.princeton.edu/wn30/04392985-n
http://www.wikidata.org/entity/Q246514,Tennisball,http://wordnet-rdf.princeton.edu/wn30/04409515-n
http://www.wikidata.org/entity/Q274153,Wasserturm,http://wordnet-rdf.princeton.edu/wn30/04562935-n
http://www.wikidata.org/entity/Q614379,Anzeigetafel,http://wordnet-rdf.princeton.edu/wn30/04149813-n
http://www.wikidata.org/entity/Q721171,Königskrabbe,http://wordnet-rdf.princeton.edu/wn30/01981276-n
http://www.wikidata.org/entity/Q391752,beschusshemmende Weste,http://wordnet-rdf.princeton.edu/wn30/02916936-n
http://www.wikidata.org/entity/Q483634,Bügeleisen,http://wordnet-rdf.princeton.edu/wn30/03584829-n
http://www.wikidata.org/entity/Q839818,Duschvorhang,http://wordnet-rdf.princeton.edu/wn30/04209239-n
http://www.wikidata.org/entity/Q843994,Stoppuhr,http://wordnet-rdf.princeton.edu/wn30/04328186-n
http://www.wikidata.org/entity/Q938509,Hackmesser,http://wordnet-rdf.princeton.edu/wn30/03041632-n
http://www.wikidata.org/entity/Q1043897,Hantel,http://wordnet-rdf.princeton.edu/wn30/02790996-n
http://www.wikidata.org/entity/Q1064858,Schreibtisch,http://wordnet-rdf.princeton.edu/wn30/03179701-n
http://www.wikidata.org/entity/Q1064538,Quilt,http://wordnet-rdf.princeton.edu/wn30/04033995-n
http://www.wikidata.org/entity/Q1210743,Espressomaschine,http://wordnet-rdf.princeton.edu/wn30/03297495-n
http://www.wikidata.org/entity/Q1971570,Fahnenmast,http://wordnet-rdf.princeton.edu/wn30/03355925-n
http://www.wikidata.org/entity/Q2051212,Handlauf,http://wordnet-rdf.princeton.edu/wn30/02788148-n
http://www.wikidata.org/entity/Q2858617,Reflexkamera,http://wordnet-rdf.princeton.edu/wn30/04069434-n
http://www.wikidata.org/entity/Q2881344,Rugbyball,http://wordnet-rdf.princeton.edu/wn30/04118538-n
http://www.wikidata.org/entity/Q4063215,Federkiel,http://wordnet-rdf.princeton.edu/wn30/04033901-n
http://www.wikidata.org/entity/Q13402959,Hochgeschwindigkeitszug,http://wordnet-rdf.princeton.edu/wn30/02917067-n
http://www.wikidata.org/entity/Q10385865,bath towel,http://wordnet-rdf.princeton.edu/wn30/02808304-n
http://www.wikidata.org/entity/Q19385373,Piratenschiff,http://wordnet-rdf.princeton.edu/wn30/03947888-n
http://www.wikidata.org/entity/Q21159303,cradle,http://wordnet-rdf.princeton.edu/wn30/03125729-n
http://www.wikidata.org/entity/Q38110559,Kaffeebecher,http://wordnet-rdf.princeton.edu/wn30/03063599-n
http://www.wikidata.org/entity/Q23413,Burg,http://wordnet-rdf.princeton.edu/wn30/02980441-n
http://www.wikidata.org/entity/Q28337,Sandbank,http://wordnet-rdf.princeton.edu/wn30/09421951-n
http://www.wikidata.org/entity/Q7386,Ameisen,http://wordnet-rdf.princeton.edu/wn30/02219486-n
http://www.wikidata.org/entity/Q16970,Kirchengebäude,http://wordnet-rdf.princeton.edu/wn30/03028079-n
http://www.wikidata.org/entity/Q15004,Haartrockner,http://wordnet-rdf.princeton.edu/wn30/03483316-n
http://www.wikidata.org/entity/Q9479,iPod,http://wordnet-rdf.princeton.edu/wn30/03584254-n
http://www.wikidata.org/entity/Q8377,Oboe,http://wordnet-rdf.princeton.edu/wn30/03838899-n
http://www.wikidata.org/entity/Q12408,Messschieber,http://wordnet-rdf.princeton.edu/wn30/04238763-n
http://www.wikidata.org/entity/Q37821,Briard,http://wordnet-rdf.princeton.edu/wn30/02105251-n
http://www.wikidata.org/entity/Q38990,Zwergpinscher,http://wordnet-rdf.princeton.edu/wn30/02107312-n
http://www.wikidata.org/entity/Q47107,Eimer,http://wordnet-rdf.princeton.edu/wn30/02909870-n
http://www.wikidata.org/entity/Q37144,Patrone,http://wordnet-rdf.princeton.edu/wn30/02971691-n
http://www.wikidata.org/entity/Q49013,Nähmaschine,http://wordnet-rdf.princeton.edu/wn30/04179913-n
http://www.wikidata.org/entity/Q48806,Space Shuttle,http://wordnet-rdf.princeton.edu/wn30/04266014-n
http://www.wikidata.org/entity/Q4439,Festplattenlaufwerk,http://wordnet-rdf.princeton.edu/wn30/03492542-n
http://www.wikidata.org/entity/Q3010,Junge,http://wordnet-rdf.princeton.edu/wn30/10624074-n
http://www.wikidata.org/entity/Q5840,Toilettenpapier,http://wordnet-rdf.princeton.edu/wn30/15075141-n
http://www.wikidata.org/entity/Q79803,Hausmeerschweinchen,http://wordnet-rdf.princeton.edu/wn30/02364673-n
http://www.wikidata.org/entity/Q78987,Elektrogitarre,http://wordnet-rdf.princeton.edu/wn30/03272010-n
http://www.wikidata.org/entity/Q123141,Goldfisch,http://wordnet-rdf.princeton.edu/wn30/01443537-n
http://www.wikidata.org/entity/Q116191,WC-Brille,http://wordnet-rdf.princeton.edu/wn30/04447861-n
http://www.wikidata.org/entity/Q131044,Trauerschwan,http://wordnet-rdf.princeton.edu/wn30/01860187-n
http://www.wikidata.org/entity/Q143912,Triumphbogen,http://wordnet-rdf.princeton.edu/wn30/04486054-n
http://www.wikidata.org/entity/Q140565,Waschbecken,http://wordnet-rdf.princeton.edu/wn30/04553703-n
http://www.wikidata.org/entity/Q161071,Schraubenzieher,http://wordnet-rdf.princeton.edu/wn30/04154565-n
http://www.wikidata.org/entity/Q175334,Schubkarre,http://wordnet-rdf.princeton.edu/wn30/02797295-n
http://www.wikidata.org/entity/Q182731,Kürass,http://wordnet-rdf.princeton.edu/wn30/03146219-n
http://www.wikidata.org/entity/Q186263,Geschirrspülmaschine,http://wordnet-rdf.princeton.edu/wn30/03207941-n
http://www.wikidata.org/entity/Q185091,Fernbedienung,http://wordnet-rdf.princeton.edu/wn30/04074963-n
http://www.wikidata.org/entity/Q170382,Revolver,http://wordnet-rdf.princeton.edu/wn30/04086273-n
http://www.wikidata.org/entity/Q172226,Ski,http://wordnet-rdf.princeton.edu/wn30/04228054-n
http://www.wikidata.org/entity/Q208322,Karussell,http://wordnet-rdf.princeton.edu/wn30/02966193-n
http://www.wikidata.org/entity/Q204577,Schoner,http://wordnet-rdf.princeton.edu/wn30/04147183-n
http://www.wikidata.org/entity/Q215376,Grüner Leguan,http://wordnet-rdf.princeton.edu/wn30/01677366-n
http://www.wikidata.org/entity/Q230502,Kleinlibellen,http://wordnet-rdf.princeton.edu/wn30/02268853-n
http://www.wikidata.org/entity/Q221994,Sparschwein,http://wordnet-rdf.princeton.edu/wn30/03935335-n
http://www.wikidata.org/entity/Q272502,Bagel,http://wordnet-rdf.princeton.edu/wn30/07693725-n
http://www.wikidata.org/entity/Q667478,Cheeseburger,http://wordnet-rdf.princeton.edu/wn30/07697313-n
http://www.wikidata.org/entity/Q326735,Sombrero,http://wordnet-rdf.princeton.edu/wn30/04259630-n
http://www.wikidata.org/entity/Q840333,Sicherheitsnadel,http://wordnet-rdf.princeton.edu/wn30/04127249-n
http://www.wikidata.org/entity/Q828361,Wischmopp,http://wordnet-rdf.princeton.edu/wn30/04367480-n
http://www.wikidata.org/entity/Q1746393,Rettungsboot,http://wordnet-rdf.princeton.edu/wn30/03662601-n
http://www.wikidata.org/entity/Q2011752,Objektivdeckel,http://wordnet-rdf.princeton.edu/wn30/03657121-n
http://www.wikidata.org/entity/Q2746643,Feige,http://wordnet-rdf.princeton.edu/wn30/07753113-n
http://www.wikidata.org/entity/Q3487546,Lattenzaun,http://wordnet-rdf.princeton.edu/wn30/03930313-n
http://www.wikidata.org/entity/Q887471,Boa,http://wordnet-rdf.princeton.edu/wn30/03325584-n
http://www.wikidata.org/entity/Q974850,Lenkflugkörper,http://wordnet-rdf.princeton.edu/wn30/03773504-n
http://www.wikidata.org/entity/Q966668,Boxsack,http://wordnet-rdf.princeton.edu/wn30/04023962-n
http://www.wikidata.org/entity/Q1058689,Haarspray,http://wordnet-rdf.princeton.edu/wn30/03476991-n
http://www.wikidata.org/entity/Q1146283,Vereinzelungsanlage,http://wordnet-rdf.princeton.edu/wn30/04501370-n
http://www.wikidata.org/entity/Q1139975,Waffeleisen,http://wordnet-rdf.princeton.edu/wn30/04542943-n
http://www.wikidata.org/entity/Q12069731,space heater,http://wordnet-rdf.princeton.edu/wn30/04265275-n
http://www.wikidata.org/entity/Q3887135,Seelöwe,http://wordnet-rdf.princeton.edu/wn30/02077923-n
http://www.wikidata.org/entity/Q12888135,Kerze,http://wordnet-rdf.princeton.edu/wn30/02948072-n
http://www.wikidata.org/entity/Q1308084,Einkaufskorb,http://wordnet-rdf.princeton.edu/wn30/04204238-n
http://www.wikidata.org/entity/Q20078304,Tragfläche,http://wordnet-rdf.princeton.edu/wn30/04592741-n
http://www.wikidata.org/entity/Q36641511,Tischlampe,http://wordnet-rdf.princeton.edu/wn30/04380533-n
http://www.wikidata.org/entity/Q47524465,Windsor tie,http://wordnet-rdf.princeton.edu/wn30/04591157-n
http://www.wikidata.org/entity/Q48551563,pop bottle,http://wordnet-rdf.princeton.edu/wn30/03983396-n
http://www.wikidata.org/entity/Q1420,Auto,http://wordnet-rdf.princeton.edu/wn30/02958343-n
http://www.wikidata.org/entity/Q11404,Trommel,http://wordnet-rdf.princeton.edu/wn30/03249569-n
http://www.wikidata.org/entity/Q25327,Marienkäfer,http://wordnet-rdf.princeton.edu/wn30/02165456-n
http://www.wikidata.org/entity/Q25349,Seesterne,http://wordnet-rdf.princeton.edu/wn30/02317335-n
http://www.wikidata.org/entity/Q37789,English Foxhound,http://wordnet-rdf.princeton.edu/wn30/02089973-n
http://www.wikidata.org/entity/Q42046,Hyänen,http://wordnet-rdf.princeton.edu/wn30/02117135-n
http://www.wikidata.org/entity/Q35127,Website,http://wordnet-rdf.princeton.edu/wn30/06359193-n
http://www.wikidata.org/entity/Q45778,Mörser,http://wordnet-rdf.princeton.edu/wn30/03786901-n
http://www.wikidata.org/entity/Q82916,Verfolger,http://wordnet-rdf.princeton.edu/wn30/04286575-n
http://www.wikidata.org/entity/Q124072,Gewehr,http://wordnet-rdf.princeton.edu/wn30/04090263-n
http://www.wikidata.org/entity/Q106106,Schrank,http://wordnet-rdf.princeton.edu/wn30/04550184-n
http://www.wikidata.org/entity/Q155878,Birkhuhn,http://wordnet-rdf.princeton.edu/wn30/01795545-n
http://www.wikidata.org/entity/Q159998,Fagott,http://wordnet-rdf.princeton.edu/wn30/02804610-n
http://www.wikidata.org/entity/Q189609,Mittelsäger,http://wordnet-rdf.princeton.edu/wn30/01855032-n
http://www.wikidata.org/entity/Q183951,Ballon,http://wordnet-rdf.princeton.edu/wn30/02782093-n
http://www.wikidata.org/entity/Q193358,Schöpfkelle,http://wordnet-rdf.princeton.edu/wn30/03633091-n
http://www.wikidata.org/entity/Q184191,Lippenstift,http://wordnet-rdf.princeton.edu/wn30/03676483-n
http://www.wikidata.org/entity/Q187780,Okarina,http://wordnet-rdf.princeton.edu/wn30/03840681-n
http://www.wikidata.org/entity/Q208490,Hammerhaie,http://wordnet-rdf.princeton.edu/wn30/01494475-n
http://www.wikidata.org/entity/Q208281,Feuerwehrfahrzeug,http://wordnet-rdf.princeton.edu/wn30/03345487-n
http://www.wikidata.org/entity/Q208364,Wok,http://wordnet-rdf.princeton.edu/wn30/04596742-n
http://www.wikidata.org/entity/Q230823,Minirock,http://wordnet-rdf.princeton.edu/wn30/03770439-n
http://www.wikidata.org/entity/Q245005,Teekanne,http://wordnet-rdf.princeton.edu/wn30/04398044-n
http://www.wikidata.org/entity/Q460967,Wanderdrossel,http://wordnet-rdf.princeton.edu/wn30/01558993-n
http://www.wikidata.org/entity/Q661140,Scheide,http://wordnet-rdf.princeton.edu/wn30/04141327-n
http://www.wikidata.org/entity/Q697196,Schiff im Liniendienst,http://wordnet-rdf.princeton.edu/wn30/03673027-n
http://www.wikidata.org/entity/Q696265,Moskitonetz,http://wordnet-rdf.princeton.edu/wn30/03788365-n
http://www.wikidata.org/entity/Q692104,Barren,http://wordnet-rdf.princeton.edu/wn30/03888605-n
http://www.wikidata.org/entity/Q796894,Einkaufswagen,http://wordnet-rdf.princeton.edu/wn30/04204347-n
http://www.wikidata.org/entity/Q915110,Brieföffner,http://wordnet-rdf.princeton.edu/wn30/03658185-n
http://www.wikidata.org/entity/Q900977,Münzfernsprecher,http://wordnet-rdf.princeton.edu/wn30/03902125-n
http://www.wikidata.org/entity/Q1072900,Leertaste,http://wordnet-rdf.princeton.edu/wn30/04264628-n
http://www.wikidata.org/entity/Q1148709,Flügel,http://wordnet-rdf.princeton.edu/wn30/03452741-n
http://www.wikidata.org/entity/Q1223829,Stachelschwein,http://wordnet-rdf.princeton.edu/wn30/02346627-n
http://www.wikidata.org/entity/Q1295201,Lebensmittelgeschäft,http://wordnet-rdf.princeton.edu/wn30/03461385-n
http://www.wikidata.org/entity/Q930252,Rotkehlanolis,http://wordnet-rdf.princeton.edu/wn30/01682714-n
http://www.wikidata.org/entity/Q947686,Lampenschirm,http://wordnet-rdf.princeton.edu/wn30/03637318-n
http://www.wikidata.org/entity/Q2735883,Gurke,http://wordnet-rdf.princeton.edu/wn30/07718472-n
http://www.wikidata.org/entity/Q3007072,mixing bowl,http://wordnet-rdf.princeton.edu/wn30/03775546-n
http://www.wikidata.org/entity/Q1440281,Flaschenverschluss,http://wordnet-rdf.princeton.edu/wn30/02877765-n
http://www.wikidata.org/entity/Q1620264,Postbeutel,http://wordnet-rdf.princeton.edu/wn30/03709823-n
http://www.wikidata.org/entity/Q2108247,Flecken-Querzahnmolch,http://wordnet-rdf.princeton.edu/wn30/01632458-n
http://www.wikidata.org/entity/Q2474207,Uhrmacherlupe,http://wordnet-rdf.princeton.edu/wn30/03692522-n
http://www.wikidata.org/entity/Q10552108,Esstisch,http://wordnet-rdf.princeton.edu/wn30/03201208-n
http://www.wikidata.org/entity/Q17130629,Reifrock,http://wordnet-rdf.princeton.edu/wn30/03534580-n
http://www.wikidata.org/entity/Q19968163,Sweatshirt,http://wordnet-rdf.princeton.edu/wn30/04370456-n
http://www.wikidata.org/entity/Q25221956,packet,http://wordnet-rdf.princeton.edu/wn30/03871628-n
http://www.wikidata.org/entity/Q38309,English Setter,http://wordnet-rdf.princeton.edu/wn30/02100735-n
http://www.wikidata.org/entity/Q39138,Sussex Spaniel,http://wordnet-rdf.princeton.edu/wn30/02102480-n
http://www.wikidata.org/entity/Q35255,Puma,http://wordnet-rdf.princeton.edu/wn30/02125311-n
http://www.wikidata.org/entity/Q41253,Kino,http://wordnet-rdf.princeton.edu/wn30/03032252-n
http://www.wikidata.org/entity/Q43663,Strumpf,http://wordnet-rdf.princeton.edu/wn30/04254777-n
http://www.wikidata.org/entity/Q39816,Tal,http://wordnet-rdf.princeton.edu/wn30/09468604-n
http://www.wikidata.org/entity/Q3962,Notebook,http://wordnet-rdf.princeton.edu/wn30/03642806-n
http://www.wikidata.org/entity/Q570,Lautsprecher,http://wordnet-rdf.princeton.edu/wn30/03691459-n
http://www.wikidata.org/entity/Q15148,Spatel,http://wordnet-rdf.princeton.edu/wn30/04270147-n
http://www.wikidata.org/entity/Q5320,Schalter,http://wordnet-rdf.princeton.edu/wn30/04372370-n
http://www.wikidata.org/entity/Q14890,Toaster,http://wordnet-rdf.princeton.edu/wn30/04442312-n
http://www.wikidata.org/entity/Q8004,Ampel,http://wordnet-rdf.princeton.edu/wn30/06874185-n
http://www.wikidata.org/entity/Q18859,Rotschenkel,http://wordnet-rdf.princeton.edu/wn30/02028035-n
http://www.wikidata.org/entity/Q26843,Schwertwal,http://wordnet-rdf.princeton.edu/wn30/02071294-n
http://www.wikidata.org/entity/Q23668,Bierflasche,http://wordnet-rdf.princeton.edu/wn30/02823428-n
http://www.wikidata.org/entity/Q16406,Tabakladen,http://wordnet-rdf.princeton.edu/wn30/04443257-n
http://www.wikidata.org/entity/Q58678,Schulbus,http://wordnet-rdf.princeton.edu/wn30/04146614-n
http://www.wikidata.org/entity/Q62792,Schneckenhorn,http://wordnet-rdf.princeton.edu/wn30/01943899-n
http://www.wikidata.org/entity/Q99895,Kissen,http://wordnet-rdf.princeton.edu/wn30/03938244-n
http://www.wikidata.org/entity/Q104555,Lineal,http://wordnet-rdf.princeton.edu/wn30/04118776-n
http://www.wikidata.org/entity/Q124441,Waschmaschine,http://wordnet-rdf.princeton.edu/wn30/04554684-n
http://www.wikidata.org/entity/Q105507,Perücke,http://wordnet-rdf.princeton.edu/wn30/04584207-n
http://www.wikidata.org/entity/Q133585,Luftschiff,http://wordnet-rdf.princeton.edu/wn30/02692877-n
http://www.wikidata.org/entity/Q128015,Guillotine,http://wordnet-rdf.princeton.edu/wn30/03467068-n
http://www.wikidata.org/entity/Q160137,Kugelschreiber,http://wordnet-rdf.princeton.edu/wn30/02783161-n
http://www.wikidata.org/entity/Q162339,Stethoskop,http://wordnet-rdf.princeton.edu/wn30/04317175-n
http://www.wikidata.org/entity/Q177456,Sturmgewehr,http://wordnet-rdf.princeton.edu/wn30/02749479-n
http://www.wikidata.org/entity/Q172833,Besen,http://wordnet-rdf.princeton.edu/wn30/02906734-n
http://www.wikidata.org/entity/Q180289,Espresso,http://wordnet-rdf.princeton.edu/wn30/07920052-n
http://www.wikidata.org/entity/Q188212,Tigerhai,http://wordnet-rdf.princeton.edu/wn30/01491361-n
http://www.wikidata.org/entity/Q192095,Unechte Karettschildkröte,http://wordnet-rdf.princeton.edu/wn30/01664065-n
http://www.wikidata.org/entity/Q193327,Mississippi-Alligator,http://wordnet-rdf.princeton.edu/wn30/01698640-n
http://www.wikidata.org/entity/Q188029,Gespenstschrecken,http://wordnet-rdf.princeton.edu/wn30/02231487-n
http://www.wikidata.org/entity/Q190403,Katamaran,http://wordnet-rdf.princeton.edu/wn30/02981792-n
http://www.wikidata.org/entity/Q188669,Kamin,http://wordnet-rdf.princeton.edu/wn30/03346455-n
http://www.wikidata.org/entity/Q194428,Bühne,http://wordnet-rdf.princeton.edu/wn30/04296562-n
http://www.wikidata.org/entity/Q220971,Marimba,http://wordnet-rdf.princeton.edu/wn30/03721384-n
http://www.wikidata.org/entity/Q240502,Racket,http://wordnet-rdf.princeton.edu/wn30/04039381-n
http://www.wikidata.org/entity/Q465453,Hantel,http://wordnet-rdf.princeton.edu/wn30/03255030-n
http://www.wikidata.org/entity/Q470016,Amerikanisches Blässhuhn,http://wordnet-rdf.princeton.edu/wn30/02018207-n
http://www.wikidata.org/entity/Q501566,Kragenechse,http://wordnet-rdf.princeton.edu/wn30/01688243-n
http://www.wikidata.org/entity/Q506040,Granny Smith,http://wordnet-rdf.princeton.edu/wn30/07742313-n
http://www.wikidata.org/entity/Q322781,Sarong,http://wordnet-rdf.princeton.edu/wn30/04136333-n
http://www.wikidata.org/entity/Q327954,Fackel,http://wordnet-rdf.princeton.edu/wn30/04456115-n
http://www.wikidata.org/entity/Q654290,Trenchcoat,http://wordnet-rdf.princeton.edu/wn30/04479046-n
http://www.wikidata.org/entity/Q673687,Rennwagen,http://wordnet-rdf.princeton.edu/wn30/04037443-n
http://www.wikidata.org/entity/Q1444534,Tripod,http://wordnet-rdf.princeton.edu/wn30/04485082-n
http://www.wikidata.org/entity/Q1721055,Kaffeekanne,http://wordnet-rdf.princeton.edu/wn30/03063689-n
http://www.wikidata.org/entity/Q1762390,Kochlöffel,http://wordnet-rdf.princeton.edu/wn30/04597913-n
http://www.wikidata.org/entity/Q1890958,Sauerstoffmaske,http://wordnet-rdf.princeton.edu/wn30/03868863-n
http://www.wikidata.org/entity/Q1906859,Maschendraht,http://wordnet-rdf.princeton.edu/wn30/03000134-n
http://www.wikidata.org/entity/Q869381,Blumentopf,http://wordnet-rdf.princeton.edu/wn30/03991062-n
http://www.wikidata.org/entity/Q919777,Golfball,http://wordnet-rdf.princeton.edu/wn30/03445777-n
http://www.wikidata.org/entity/Q1137441,Yawl,http://wordnet-rdf.princeton.edu/wn30/04612504-n
http://www.wikidata.org/entity/Q1317634,Kochkessel,http://wordnet-rdf.princeton.edu/wn30/02939185-n
http://www.wikidata.org/entity/Q1354040,Laborkittel,http://wordnet-rdf.princeton.edu/wn30/03630383-n
http://www.wikidata.org/entity/Q2436595,Tischtennisball,http://wordnet-rdf.princeton.edu/wn30/03942813-n
http://www.wikidata.org/entity/Q4243098,Haken,http://wordnet-rdf.princeton.edu/wn30/03532672-n
http://www.wikidata.org/entity/Q3444710,Karton,http://wordnet-rdf.princeton.edu/wn30/02971356-n
http://www.wikidata.org/entity/Q10817602,Ananas,http://wordnet-rdf.princeton.edu/wn30/07753275-n
http://www.wikidata.org/entity/Q17053748,Chickadee,http://wordnet-rdf.princeton.edu/wn30/01592084-n
http://www.wikidata.org/entity/Q21980641,Barbierstube,http://wordnet-rdf.princeton.edu/wn30/02791270-n
http://www.wikidata.org/entity/Q28659441,rain barrel,http://wordnet-rdf.princeton.edu/wn30/04049303-n
http://www.wikidata.org/entity/Q30178,Qualle,http://wordnet-rdf.princeton.edu/wn30/01910747-n
http://www.wikidata.org/entity/Q30197,Schneeleopard,http://wordnet-rdf.princeton.edu/wn30/02128757-n
http://www.wikidata.org/entity/Q23490,Weinflasche,http://wordnet-rdf.princeton.edu/wn30/04591713-n
http://www.wikidata.org/entity/Q5185,Fadenwürmer,http://wordnet-rdf.princeton.edu/wn30/01930112-n
http://www.wikidata.org/entity/Q5843,Rucksack,http://wordnet-rdf.princeton.edu/wn30/02769748-n
http://www.wikidata.org/entity/Q14125,Querbinder,http://wordnet-rdf.princeton.edu/wn30/02883205-n
http://www.wikidata.org/entity/Q16560,Palast,http://wordnet-rdf.princeton.edu/wn30/03877845-n
http://www.wikidata.org/entity/Q14963,Schaukelstuhl,http://wordnet-rdf.princeton.edu/wn30/04099969-n
http://www.wikidata.org/entity/Q14976,Schneepflug,http://wordnet-rdf.princeton.edu/wn30/04252225-n
http://www.wikidata.org/entity/Q37929,Deerhound,http://wordnet-rdf.princeton.edu/wn30/02092002-n
http://www.wikidata.org/entity/Q37558,Border Terrier,http://wordnet-rdf.princeton.edu/wn30/02093754-n
http://www.wikidata.org/entity/Q37530,Australian Terrier,http://wordnet-rdf.princeton.edu/wn30/02096294-n
http://www.wikidata.org/entity/Q46311,Bogen,http://wordnet-rdf.princeton.edu/wn30/02879718-n
http://www.wikidata.org/entity/Q46384,Mikrofon,http://wordnet-rdf.princeton.edu/wn30/03759954-n
http://www.wikidata.org/entity/Q40357,Gefängnis,http://wordnet-rdf.princeton.edu/wn30/04005630-n
http://www.wikidata.org/entity/Q37828,Kühlschrank,http://wordnet-rdf.princeton.edu/wn30/04070727-n
http://www.wikidata.org/entity/Q83363,Jeans,http://wordnet-rdf.princeton.edu/wn30/03594734-n
http://www.wikidata.org/entity/Q76574,Maibaum,http://wordnet-rdf.princeton.edu/wn30/03733131-n
http://www.wikidata.org/entity/Q83207,Kreuzworträtsel,http://wordnet-rdf.princeton.edu/wn30/06785654-n
http://www.wikidata.org/entity/Q102626,Fernglas,http://wordnet-rdf.princeton.edu/wn30/02841315-n
http://www.wikidata.org/entity/Q101674,Staubsauger,http://wordnet-rdf.princeton.edu/wn30/04517823-n
http://www.wikidata.org/entity/Q129026,Weißer Hai,http://wordnet-rdf.princeton.edu/wn30/01484850-n
http://www.wikidata.org/entity/Q129544,Dugong,http://wordnet-rdf.princeton.edu/wn30/02074367-n
http://www.wikidata.org/entity/Q131250,Fangschrecken,http://wordnet-rdf.princeton.edu/wn30/02236044-n
http://www.wikidata.org/entity/Q152095,Badewanne,http://wordnet-rdf.princeton.edu/wn30/02808440-n
http://www.wikidata.org/entity/Q148319,Planetarium,http://wordnet-rdf.princeton.edu/wn30/03956157-n
http://www.wikidata.org/entity/Q162029,Schneehühner,http://wordnet-rdf.princeton.edu/wn30/01796340-n
http://www.wikidata.org/entity/Q168327,Alpensteinbock,http://wordnet-rdf.princeton.edu/wn30/02417914-n
http://www.wikidata.org/entity/Q171529,Kanu,http://wordnet-rdf.princeton.edu/wn30/02951358-n
http://www.wikidata.org/entity/Q182916,Gondel,http://wordnet-rdf.princeton.edu/wn30/03447447-n
http://www.wikidata.org/entity/Q200764,Buchhandlung,http://wordnet-rdf.princeton.edu/wn30/02871525-n
http://www.wikidata.org/entity/Q191851,Vase,http://wordnet-rdf.princeton.edu/wn30/04522168-n
http://www.wikidata.org/entity/Q204917,Pfeife,http://wordnet-rdf.princeton.edu/wn30/04579432-n
http://www.wikidata.org/entity/Q214638,Schlafsack,http://wordnet-rdf.princeton.edu/wn30/04235860-n
http://www.wikidata.org/entity/Q273291,Einsiedlerkrebse,http://wordnet-rdf.princeton.edu/wn30/01986214-n
http://www.wikidata.org/entity/Q412770,Stubenwagen,http://wordnet-rdf.princeton.edu/wn30/02804414-n
http://www.wikidata.org/entity/Q421904,Aktenordner,http://wordnet-rdf.princeton.edu/wn30/02840245-n
http://www.wikidata.org/entity/Q483453,Zierbrunnen,http://wordnet-rdf.princeton.edu/wn30/03388043-n
http://www.wikidata.org/entity/Q483444,Kimono,http://wordnet-rdf.princeton.edu/wn30/03617480-n
http://www.wikidata.org/entity/Q623270,Reck,http://wordnet-rdf.princeton.edu/wn30/03535780-n
http://www.wikidata.org/entity/Q681515,knee pad,http://wordnet-rdf.princeton.edu/wn30/03623198-n
http://www.wikidata.org/entity/Q745105,Hodometer,http://wordnet-rdf.princeton.edu/wn30/03841143-n
http://www.wikidata.org/entity/Q753779,Personenwagen,http://wordnet-rdf.princeton.edu/wn30/03895866-n
http://www.wikidata.org/entity/Q865054,Gepäckstück,http://wordnet-rdf.princeton.edu/wn30/02774630-n
http://www.wikidata.org/entity/Q899266,Dickröhrlingsverwandte,http://wordnet-rdf.princeton.edu/wn30/13054560-n
http://www.wikidata.org/entity/Q906997,Saugglocke,http://wordnet-rdf.princeton.edu/wn30/03970156-n
http://www.wikidata.org/entity/Q927924,Volleyball,http://wordnet-rdf.princeton.edu/wn30/04540053-n
http://www.wikidata.org/entity/Q1093742,Zitrone,http://wordnet-rdf.princeton.edu/wn30/07749582-n
http://www.wikidata.org/entity/Q1138187,Cowboystiefel,http://wordnet-rdf.princeton.edu/wn30/03124043-n
http://www.wikidata.org/entity/Q1138175,Cowboyhut,http://wordnet-rdf.princeton.edu/wn30/03124170-n
http://www.wikidata.org/entity/Q1160505,Puder,http://wordnet-rdf.princeton.edu/wn30/03314780-n
http://www.wikidata.org/entity/Q1151042,Küchenrolle,http://wordnet-rdf.princeton.edu/wn30/03887697-n
http://www.wikidata.org/entity/Q1888786,Loafer,http://wordnet-rdf.princeton.edu/wn30/03680355-n
http://www.wikidata.org/entity/Q1871151,Lotion,http://wordnet-rdf.princeton.edu/wn30/03690938-n
http://www.wikidata.org/entity/Q1196123,Militäruniform,http://wordnet-rdf.princeton.edu/wn30/03763968-n
http://www.wikidata.org/entity/Q1339732,Hundeschlitten,http://wordnet-rdf.princeton.edu/wn30/03218198-n
http://www.wikidata.org/entity/Q1629107,Hängeregistratur,http://wordnet-rdf.princeton.edu/wn30/03337140-n
http://www.wikidata.org/entity/Q4126704,Gemeiner Schimpanse,http://wordnet-rdf.princeton.edu/wn30/02481823-n
http://www.wikidata.org/entity/Q2374786,Kombinationsschloss,http://wordnet-rdf.princeton.edu/wn30/03075370-n
http://www.wikidata.org/entity/Q14458220,Erdbeere,http://wordnet-rdf.princeton.edu/wn30/07745940-n
http://www.wikidata.org/entity/Q10304508,Zecken,http://wordnet-rdf.princeton.edu/wn30/01776313-n
http://www.wikidata.org/entity/Q7220961,Schaufel,http://wordnet-rdf.princeton.edu/wn30/04208210-n
http://www.wikidata.org/entity/Q19978874,Zeremonie Bekleidung,http://wordnet-rdf.princeton.edu/wn30/04532106-n
http://www.wikidata.org/entity/Q25841836,electric fan,http://wordnet-rdf.princeton.edu/wn30/03271574-n
http://www.wikidata.org/entity/Q47487920,pill bottle,http://wordnet-rdf.princeton.edu/wn30/03937543-n
http://www.wikidata.org/entity/Q89579852,balance beam,http://wordnet-rdf.princeton.edu/wn30/02777292-n
http://www.wikidata.org/entity/Q12806,Abakus,http://wordnet-rdf.princeton.edu/wn30/02666196-n
http://www.wikidata.org/entity/Q17210,Containerschiff,http://wordnet-rdf.princeton.edu/wn30/03095699-n
http://www.wikidata.org/entity/Q11022,Schraube,http://wordnet-rdf.princeton.edu/wn30/04153751-n
http://www.wikidata.org/entity/Q17592,Afrikanischer Strauß,http://wordnet-rdf.princeton.edu/wn30/01518878-n
http://www.wikidata.org/entity/Q26395,Feuersalamander,http://wordnet-rdf.princeton.edu/wn30/01629819-n
http://www.wikidata.org/entity/Q22718,Axolotl,http://wordnet-rdf.princeton.edu/wn30/01632777-n
http://www.wikidata.org/entity/Q17510,West Highland White Terrier,http://wordnet-rdf.princeton.edu/wn30/02098286-n
http://www.wikidata.org/entity/Q25309,Schaben,http://wordnet-rdf.princeton.edu/wn30/02233338-n
http://www.wikidata.org/entity/Q31561,akustische Gitarre,http://wordnet-rdf.princeton.edu/wn30/02676566-n
http://www.wikidata.org/entity/Q4504,Komodowaran,http://wordnet-rdf.princeton.edu/wn30/01695060-n
http://www.wikidata.org/entity/Q250,Computertastatur,http://wordnet-rdf.princeton.edu/wn30/03085013-n
http://www.wikidata.org/entity/Q43447,Hundertfüßer,http://wordnet-rdf.princeton.edu/wn30/01784675-n
http://www.wikidata.org/entity/Q43624,Kolibris,http://wordnet-rdf.princeton.edu/wn30/01833805-n
http://www.wikidata.org/entity/Q35694,Jaguar,http://wordnet-rdf.princeton.edu/wn30/02128925-n
http://www.wikidata.org/entity/Q34505,Flusspferd,http://wordnet-rdf.princeton.edu/wn30/02398521-n
http://www.wikidata.org/entity/Q41577,Gabelstapler,http://wordnet-rdf.princeton.edu/wn30/03384352-n
http://www.wikidata.org/entity/Q44613,Kloster,http://wordnet-rdf.princeton.edu/wn30/03781244-n
http://www.wikidata.org/entity/Q51290,Mundharmonika,http://wordnet-rdf.princeton.edu/wn30/03494278-n
http://www.wikidata.org/entity/Q81714,Petrischale,http://wordnet-rdf.princeton.edu/wn30/03920288-n
http://www.wikidata.org/entity/Q127216,Weißkopfseeadler,http://wordnet-rdf.princeton.edu/wn30/01614925-n
http://www.wikidata.org/entity/Q120043,Lederschildkröte,http://wordnet-rdf.princeton.edu/wn30/01665541-n
http://www.wikidata.org/entity/Q168745,Nilkrokodil,http://wordnet-rdf.princeton.edu/wn30/01697457-n
http://www.wikidata.org/entity/Q179154,Grauwal,http://wordnet-rdf.princeton.edu/wn30/02066245-n
http://www.wikidata.org/entity/Q188877,Bergfink,http://wordnet-rdf.princeton.edu/wn30/01530575-n
http://www.wikidata.org/entity/Q188688,Schaukel,http://wordnet-rdf.princeton.edu/wn30/04371774-n
http://www.wikidata.org/entity/Q200724,Bartkauz,http://wordnet-rdf.princeton.edu/wn30/01622779-n
http://www.wikidata.org/entity/Q215247,Teichmolch,http://wordnet-rdf.princeton.edu/wn30/01630670-n
http://www.wikidata.org/entity/Q217541,Sonnenbrille,http://wordnet-rdf.princeton.edu/wn30/04356056-n
http://www.wikidata.org/entity/Q216916,Militärflugzeug,http://wordnet-rdf.princeton.edu/wn30/04552348-n
http://www.wikidata.org/entity/Q243519,Samt,http://wordnet-rdf.princeton.edu/wn30/04525038-n
http://www.wikidata.org/entity/Q273318,Spritze,http://wordnet-rdf.princeton.edu/wn30/04376876-n
http://www.wikidata.org/entity/Q296984,Ölfilter,http://wordnet-rdf.princeton.edu/wn30/03843555-n
http://www.wikidata.org/entity/Q744112,Nistkasten,http://wordnet-rdf.princeton.edu/wn30/02843684-n
http://www.wikidata.org/entity/Q754396,Atemschutzmaske,http://wordnet-rdf.princeton.edu/wn30/03424325-n
http://www.wikidata.org/entity/Q798886,Badekappe,http://wordnet-rdf.princeton.edu/wn30/02807133-n
http://www.wikidata.org/entity/Q838747,Schlammläufer,http://wordnet-rdf.princeton.edu/wn30/02033041-n
http://www.wikidata.org/entity/Q856584,Bibliotheksbau,http://wordnet-rdf.princeton.edu/wn30/03661043-n
http://www.wikidata.org/entity/Q854830,Bräutigam,http://wordnet-rdf.princeton.edu/wn30/10148035-n
http://www.wikidata.org/entity/Q907099,Messbecher,http://wordnet-rdf.princeton.edu/wn30/03733805-n
http://www.wikidata.org/entity/Q599901,Schokoladensauce,http://wordnet-rdf.princeton.edu/wn30/07836838-n
http://www.wikidata.org/entity/Q606777,Labyrinth,http://wordnet-rdf.princeton.edu/wn30/03733281-n
http://www.wikidata.org/entity/Q622416,Motorboot,http://wordnet-rdf.princeton.edu/wn30/04273569-n
http://www.wikidata.org/entity/Q630415,Trimaran,http://wordnet-rdf.princeton.edu/wn30/04483307-n
http://www.wikidata.org/entity/Q1023100,CD-Spieler,http://wordnet-rdf.princeton.edu/wn30/02988304-n
http://www.wikidata.org/entity/Q1434845,Schutzumschlag,http://wordnet-rdf.princeton.edu/wn30/07248320-n
http://www.wikidata.org/entity/Q5328202,Myliobatoidei,http://wordnet-rdf.princeton.edu/wn30/01498041-n
http://www.wikidata.org/entity/Q3500725,Billardtisch,http://wordnet-rdf.princeton.edu/wn30/03982430-n
http://www.wikidata.org/entity/Q6566344,Stick,http://wordnet-rdf.princeton.edu/wn30/03250847-n
http://www.wikidata.org/entity/Q1744391,Klappstuhl,http://wordnet-rdf.princeton.edu/wn30/03376595-n
http://www.wikidata.org/entity/Q1736293,Kathodenstrahlröhrenbildschirm,http://wordnet-rdf.princeton.edu/wn30/04152593-n
http://www.wikidata.org/entity/Q7500021,Schuhladen,http://wordnet-rdf.princeton.edu/wn30/04200800-n
http://www.wikidata.org/entity/Q4869069,Badezimmerschrank,http://wordnet-rdf.princeton.edu/wn30/03742115-n
http://www.wikidata.org/entity/Q25397898,Pelzmantel,http://wordnet-rdf.princeton.edu/wn30/03404251-n
http://www.wikidata.org/entity/Q33612712,Laufschuhe,http://wordnet-rdf.princeton.edu/wn30/04120489-n
http://www.wikidata.org/entity/Q47486870,Salzstreuer,http://wordnet-rdf.princeton.edu/wn30/04131690-n
http://www.wikidata.org/entity/Q47514915,car mirror,http://wordnet-rdf.princeton.edu/wn30/02965783-n
http://www.wikidata.org/entity/Q27066,Europäischer Dachs,http://wordnet-rdf.princeton.edu/wn30/02447366-n
http://www.wikidata.org/entity/Q36794,Tür,http://wordnet-rdf.princeton.edu/wn30/03221720-n
http://www.wikidata.org/entity/Q35197,Spiegel,http://wordnet-rdf.princeton.edu/wn30/03773035-n
http://www.wikidata.org/entity/Q32815,Moschee,http://wordnet-rdf.princeton.edu/wn30/03788195-n
http://www.wikidata.org/entity/Q37668,Amerikanischer Hummer,http://wordnet-rdf.princeton.edu/wn30/01983481-n
http://www.wikidata.org/entity/Q47369,Harfe,http://wordnet-rdf.princeton.edu/wn30/03495258-n
http://www.wikidata.org/entity/Q47722,Brokkoli,http://wordnet-rdf.princeton.edu/wn30/07714990-n
http://www.wikidata.org/entity/Q503,Obstbanane,http://wordnet-rdf.princeton.edu/wn30/07753592-n
http://www.wikidata.org/entity/Q2811,Unterseeboot,http://wordnet-rdf.princeton.edu/wn30/04347754-n
http://www.wikidata.org/entity/Q5639,Oberleitungsbus,http://wordnet-rdf.princeton.edu/wn30/04487081-n
http://www.wikidata.org/entity/Q8355,Violine,http://wordnet-rdf.princeton.edu/wn30/04536866-n
http://www.wikidata.org/entity/Q20459,Feuerzeug,http://wordnet-rdf.princeton.edu/wn30/03666591-n
http://www.wikidata.org/entity/Q82650,Taxi,http://wordnet-rdf.princeton.edu/wn30/02930766-n
http://www.wikidata.org/entity/Q147256,Seeanemonen,http://wordnet-rdf.princeton.edu/wn30/01914609-n
http://www.wikidata.org/entity/Q147366,Zapfsäule,http://wordnet-rdf.princeton.edu/wn30/03425413-n
http://www.wikidata.org/entity/Q131704,Sandale,http://wordnet-rdf.princeton.edu/wn30/04133789-n
http://www.wikidata.org/entity/Q131740,Geldbeutel,http://wordnet-rdf.princeton.edu/wn30/04548362-n
http://www.wikidata.org/entity/Q170124,Briefumschlag,http://wordnet-rdf.princeton.edu/wn30/03291819-n
http://www.wikidata.org/entity/Q174320,Oszilloskop,http://wordnet-rdf.princeton.edu/wn30/03857828-n
http://www.wikidata.org/entity/Q184356,Radioteleskop,http://wordnet-rdf.princeton.edu/wn30/04044716-n
http://www.wikidata.org/entity/Q210932,Verkehrsflugzeug,http://wordnet-rdf.princeton.edu/wn30/02690373-n
http://www.wikidata.org/entity/Q192401,Füllfederhalter,http://wordnet-rdf.princeton.edu/wn30/03388183-n
http://www.wikidata.org/entity/Q200403,Sicherheitsgurt,http://wordnet-rdf.princeton.edu/wn30/04162706-n
http://www.wikidata.org/entity/Q207968,Guacamole,http://wordnet-rdf.princeton.edu/wn30/07583066-n
http://www.wikidata.org/entity/Q374302,Carpodacus mexicanus,http://wordnet-rdf.princeton.edu/wn30/01532829-n
http://www.wikidata.org/entity/Q390823,Burrito,http://wordnet-rdf.princeton.edu/wn30/07880968-n
http://www.wikidata.org/entity/Q471898,Tresor,http://wordnet-rdf.princeton.edu/wn30/04125021-n
http://www.wikidata.org/entity/Q213889,Siamang,http://wordnet-rdf.princeton.edu/wn30/02483708-n
http://www.wikidata.org/entity/Q216530,Mülleimer,http://wordnet-rdf.princeton.edu/wn30/02747177-n
http://www.wikidata.org/entity/Q218802,Panflöte,http://wordnet-rdf.princeton.edu/wn30/03884397-n
http://www.wikidata.org/entity/Q305718,Abaya,http://wordnet-rdf.princeton.edu/wn30/02667093-n
http://www.wikidata.org/entity/Q508918,Puck,http://wordnet-rdf.princeton.edu/wn30/04019541-n
http://www.wikidata.org/entity/Q613972,Tablett,http://wordnet-rdf.princeton.edu/wn30/04476259-n
http://www.wikidata.org/entity/Q658353,Mausefalle,http://wordnet-rdf.princeton.edu/wn30/03794056-n
http://www.wikidata.org/entity/Q755174,Scheibenbremse,http://wordnet-rdf.princeton.edu/wn30/03208938-n
http://www.wikidata.org/entity/Q872853,Gemeines Perlboot,http://wordnet-rdf.princeton.edu/wn30/01968897-n
http://www.wikidata.org/entity/Q953960,Parkuhr,http://wordnet-rdf.princeton.edu/wn30/03891332-n
http://www.wikidata.org/entity/Q1049642,Indigofink,http://wordnet-rdf.princeton.edu/wn30/01537544-n
http://www.wikidata.org/entity/Q1165686,Klapperschwamm,http://wordnet-rdf.princeton.edu/wn30/13052670-n
http://www.wikidata.org/entity/Q1225105,Digitaluhr,http://wordnet-rdf.princeton.edu/wn30/03196217-n
http://www.wikidata.org/entity/Q1190275,Löschboot,http://wordnet-rdf.princeton.edu/wn30/03344393-n
http://www.wikidata.org/entity/Q1190777,Ochsenkarren,http://wordnet-rdf.princeton.edu/wn30/03868242-n
http://www.wikidata.org/entity/Q1267584,Duschhaube,http://wordnet-rdf.princeton.edu/wn30/04209133-n
http://www.wikidata.org/entity/Q1874394,Schaufelrad,http://wordnet-rdf.princeton.edu/wn30/03874293-n
http://www.wikidata.org/entity/Q3382191,Pianino,http://wordnet-rdf.princeton.edu/wn30/04515003-n
http://www.wikidata.org/entity/Q2631281,Kleinblütiger Frauenschuh,http://wordnet-rdf.princeton.edu/wn30/12057211-n
http://www.wikidata.org/entity/Q2940133,Carphophis amoenus,http://wordnet-rdf.princeton.edu/wn30/01728572-n
http://www.wikidata.org/entity/Q3578987,Ofenschirm,http://wordnet-rdf.princeton.edu/wn30/03347037-n
http://www.wikidata.org/entity/Q3807565,Hackbraten,http://wordnet-rdf.princeton.edu/wn30/07871810-n
http://www.wikidata.org/entity/Q13389713,Schnorchel,http://wordnet-rdf.princeton.edu/wn30/04251144-n
http://www.wikidata.org/entity/Q12252328,Fußball,http://wordnet-rdf.princeton.edu/wn30/04254680-n
http://www.wikidata.org/entity/Q4883086,bell-cot,http://wordnet-rdf.princeton.edu/wn30/02825657-n
http://www.wikidata.org/entity/Q6817227,Wasserflasche,http://wordnet-rdf.princeton.edu/wn30/04557648-n
http://www.wikidata.org/entity/Q17504942,scuba diver,http://wordnet-rdf.princeton.edu/wn30/10565667-n
http://www.wikidata.org/entity/Q38132106,Suppenschale,http://wordnet-rdf.princeton.edu/wn30/04263257-n
http://www.wikidata.org/entity/Q47493881,water jug,http://wordnet-rdf.princeton.edu/wn30/04560804-n
http://www.wikidata.org/entity/Q33609,Eisbär,http://wordnet-rdf.princeton.edu/wn30/02134084-n/
